id,n_pedestrians,n_pedestrians_towards,n_pedestrians_away,Usage
kaiserstrasse_2025-02-03_0,29,9,20,Public
kaiserstrasse_2025-02-03_1,12,10,2,Public
kaiserstrasse_2025-02-03_2,4,3,1,Public
kaiserstrasse_2025-02-03_3,2,1,1,Public
kaiserstrasse_2025-02-03_4,13,3,10,Public
kaiserstrasse_2025-02-03_5,39,14,25,Public
kaiserstrasse_2025-02-03_6,174,88,86,Public
kaiserstrasse_2025-02-03_7,652,424,228,Public
kaiserstrasse_2025-02-03_8,725,436,289,Public
kaiserstrasse_2025-02-03_9,941,506,435,Public
kaiserstrasse_2025-02-03_10,1451,777,674,Public
kaiserstrasse_2025-02-03_11,1687,846,841,Public
kaiserstrasse_2025-02-03_12,2155,1010,1145,Public
kaiserstrasse_2025-02-03_13,2263,1038,1225,Public
kaiserstrasse_2025-02-03_14,1931,893,1038,Public
kaiserstrasse_2025-02-03_15,1874,853,1021,Public
kaiserstrasse_2025-02-03_16,1984,890,1094,Public
kaiserstrasse_2025-02-03_17,1849,808,1041,Public
kaiserstrasse_2025-02-03_18,1522,704,818,Public
kaiserstrasse_2025-02-03_19,960,487,473,Public
kaiserstrasse_2025-02-03_20,322,155,167,Public
kaiserstrasse_2025-02-03_21,157,68,89,Public
kaiserstrasse_2025-02-03_22,106,52,54,Public
kaiserstrasse_2025-02-03_23,53,30,23,Public
kaiserstrasse_2025-02-04_0,23,7,16,Public
kaiserstrasse_2025-02-04_1,13,5,8,Public
kaiserstrasse_2025-02-04_2,1,0,1,Public
kaiserstrasse_2025-02-04_3,6,1,5,Public
kaiserstrasse_2025-02-04_4,9,2,7,Public
kaiserstrasse_2025-02-04_5,47,22,25,Public
kaiserstrasse_2025-02-04_6,182,103,79,Public
kaiserstrasse_2025-02-04_7,606,414,192,Public
kaiserstrasse_2025-02-04_8,673,392,281,Public
kaiserstrasse_2025-02-04_9,853,473,380,Public
kaiserstrasse_2025-02-04_10,1252,626,626,Public
kaiserstrasse_2025-02-04_11,1533,751,782,Public
kaiserstrasse_2025-02-04_12,2067,1024,1043,Public
kaiserstrasse_2025-02-04_13,1975,913,1062,Public
kaiserstrasse_2025-02-04_14,1907,881,1026,Public
kaiserstrasse_2025-02-04_15,1866,812,1054,Public
kaiserstrasse_2025-02-04_16,2140,946,1194,Public
kaiserstrasse_2025-02-04_17,1944,896,1048,Public
kaiserstrasse_2025-02-04_18,1433,623,810,Public
kaiserstrasse_2025-02-04_19,846,418,428,Public
kaiserstrasse_2025-02-04_20,345,175,170,Public
kaiserstrasse_2025-02-04_21,242,108,134,Public
kaiserstrasse_2025-02-04_22,118,48,70,Public
kaiserstrasse_2025-02-04_23,73,27,46,Public
kaiserstrasse_2025-02-05_0,18,6,12,Public
kaiserstrasse_2025-02-05_1,17,9,8,Public
kaiserstrasse_2025-02-05_2,8,2,6,Public
kaiserstrasse_2025-02-05_3,20,1,19,Public
kaiserstrasse_2025-02-05_4,14,6,8,Public
kaiserstrasse_2025-02-05_5,47,21,26,Public
kaiserstrasse_2025-02-05_6,157,71,86,Public
kaiserstrasse_2025-02-05_7,611,413,198,Public
kaiserstrasse_2025-02-05_8,680,429,251,Public
kaiserstrasse_2025-02-05_9,914,486,428,Public
kaiserstrasse_2025-02-05_10,1240,637,603,Public
kaiserstrasse_2025-02-05_11,1405,727,678,Public
kaiserstrasse_2025-02-05_12,1826,860,966,Public
kaiserstrasse_2025-02-05_13,1978,938,1040,Public
kaiserstrasse_2025-02-05_14,1540,711,829,Public
kaiserstrasse_2025-02-05_15,1875,831,1044,Public
kaiserstrasse_2025-02-05_16,1969,907,1062,Public
kaiserstrasse_2025-02-05_17,1863,844,1019,Public
kaiserstrasse_2025-02-05_18,1332,626,706,Public
kaiserstrasse_2025-02-05_19,886,439,447,Public
kaiserstrasse_2025-02-05_20,385,182,203,Public
kaiserstrasse_2025-02-05_21,234,94,140,Public
kaiserstrasse_2025-02-05_22,157,61,96,Public
kaiserstrasse_2025-02-05_23,77,32,45,Public
kaiserstrasse_2025-02-06_0,29,8,21,Public
kaiserstrasse_2025-02-06_1,14,10,4,Public
kaiserstrasse_2025-02-06_2,17,11,6,Public
kaiserstrasse_2025-02-06_3,10,1,9,Public
kaiserstrasse_2025-02-06_4,14,3,11,Public
kaiserstrasse_2025-02-06_5,41,21,20,Public
kaiserstrasse_2025-02-06_6,224,116,108,Public
kaiserstrasse_2025-02-06_7,674,459,215,Public
kaiserstrasse_2025-02-06_8,688,395,293,Public
kaiserstrasse_2025-02-06_9,932,503,429,Public
kaiserstrasse_2025-02-06_10,1342,705,637,Public
kaiserstrasse_2025-02-06_11,1600,835,765,Public
kaiserstrasse_2025-02-06_12,1987,978,1009,Public
kaiserstrasse_2025-02-06_13,2136,1065,1071,Public
kaiserstrasse_2025-02-06_14,1776,837,939,Public
kaiserstrasse_2025-02-06_15,1941,883,1058,Public
kaiserstrasse_2025-02-06_16,2164,1010,1154,Public
kaiserstrasse_2025-02-06_17,2097,998,1099,Public
kaiserstrasse_2025-02-06_18,1343,621,722,Public
kaiserstrasse_2025-02-06_19,1044,484,560,Public
kaiserstrasse_2025-02-06_20,472,229,243,Public
kaiserstrasse_2025-02-06_21,298,148,150,Public
kaiserstrasse_2025-02-06_22,193,82,111,Public
kaiserstrasse_2025-02-06_23,93,36,57,Public
kaiserstrasse_2025-02-07_0,39,15,24,Public
kaiserstrasse_2025-02-07_1,20,15,5,Public
kaiserstrasse_2025-02-07_2,12,1,11,Public
kaiserstrasse_2025-02-07_3,4,1,3,Public
kaiserstrasse_2025-02-07_4,12,5,7,Public
kaiserstrasse_2025-02-07_5,43,19,24,Public
kaiserstrasse_2025-02-07_6,138,64,74,Public
kaiserstrasse_2025-02-07_7,560,385,175,Public
kaiserstrasse_2025-02-07_8,670,397,273,Public
kaiserstrasse_2025-02-07_9,868,452,416,Public
kaiserstrasse_2025-02-07_10,1265,637,628,Public
kaiserstrasse_2025-02-07_11,1619,787,832,Public
kaiserstrasse_2025-02-07_12,2016,927,1089,Public
kaiserstrasse_2025-02-07_13,2190,1002,1188,Public
kaiserstrasse_2025-02-07_14,2082,1016,1066,Public
kaiserstrasse_2025-02-07_15,2103,1025,1078,Public
kaiserstrasse_2025-02-07_16,2359,1094,1265,Public
kaiserstrasse_2025-02-07_17,2231,1037,1194,Public
kaiserstrasse_2025-02-07_18,1789,836,953,Public
kaiserstrasse_2025-02-07_19,1456,724,732,Public
kaiserstrasse_2025-02-07_20,729,338,391,Public
kaiserstrasse_2025-02-07_21,444,249,195,Public
kaiserstrasse_2025-02-07_22,316,132,184,Public
kaiserstrasse_2025-02-07_23,185,59,126,Public
kaiserstrasse_2025-02-08_0,152,62,90,Public
kaiserstrasse_2025-02-08_1,81,41,40,Public
kaiserstrasse_2025-02-08_2,44,19,25,Public
kaiserstrasse_2025-02-08_3,34,15,19,Public
kaiserstrasse_2025-02-08_4,46,7,39,Public
kaiserstrasse_2025-02-08_5,35,12,23,Public
kaiserstrasse_2025-02-08_6,37,14,23,Public
kaiserstrasse_2025-02-08_7,120,55,65,Public
kaiserstrasse_2025-02-08_8,300,146,154,Public
kaiserstrasse_2025-02-08_9,599,303,296,Public
kaiserstrasse_2025-02-08_10,1292,714,578,Public
kaiserstrasse_2025-02-08_11,1687,966,721,Public
kaiserstrasse_2025-02-08_12,2276,1271,1005,Public
kaiserstrasse_2025-02-08_13,2597,1360,1237,Public
kaiserstrasse_2025-02-08_14,3064,1647,1417,Public
kaiserstrasse_2025-02-08_15,3267,1500,1767,Public
kaiserstrasse_2025-02-08_16,3217,1442,1775,Public
kaiserstrasse_2025-02-08_17,3156,1432,1724,Public
kaiserstrasse_2025-02-08_18,2267,1051,1216,Public
kaiserstrasse_2025-02-08_19,1468,695,773,Public
kaiserstrasse_2025-02-08_20,723,339,384,Public
kaiserstrasse_2025-02-08_21,474,253,221,Public
kaiserstrasse_2025-02-08_22,349,159,190,Public
kaiserstrasse_2025-02-08_23,257,98,159,Public
kaiserstrasse_2025-02-09_0,150,55,95,Public
kaiserstrasse_2025-02-09_1,114,52,62,Public
kaiserstrasse_2025-02-09_2,50,32,18,Public
kaiserstrasse_2025-02-09_3,74,38,36,Public
kaiserstrasse_2025-02-09_4,42,28,14,Public
kaiserstrasse_2025-02-09_5,43,10,33,Public
kaiserstrasse_2025-02-09_6,27,8,19,Public
kaiserstrasse_2025-02-09_7,30,19,11,Public
kaiserstrasse_2025-02-09_8,117,51,66,Public
kaiserstrasse_2025-02-09_9,196,100,96,Public
kaiserstrasse_2025-02-09_10,305,147,158,Public
kaiserstrasse_2025-02-09_11,468,227,241,Public
kaiserstrasse_2025-02-09_12,476,267,209,Public
kaiserstrasse_2025-02-09_13,669,331,338,Public
kaiserstrasse_2025-02-09_14,665,333,332,Public
kaiserstrasse_2025-02-09_15,909,451,458,Public
kaiserstrasse_2025-02-09_16,736,329,407,Public
kaiserstrasse_2025-02-09_17,714,286,428,Public
kaiserstrasse_2025-02-09_18,643,310,333,Public
kaiserstrasse_2025-02-09_19,544,276,268,Public
kaiserstrasse_2025-02-09_20,345,197,148,Public
kaiserstrasse_2025-02-09_21,224,119,105,Public
kaiserstrasse_2025-02-09_22,195,131,64,Public
kaiserstrasse_2025-02-09_23,60,32,28,Public
schoenbornstrasse_2025-02-03_0,16,9,7,Public
schoenbornstrasse_2025-02-03_1,9,3,6,Public
schoenbornstrasse_2025-02-03_2,3,3,0,Public
schoenbornstrasse_2025-02-03_3,0,0,0,Public
schoenbornstrasse_2025-02-03_4,8,3,5,Public
schoenbornstrasse_2025-02-03_5,22,9,13,Public
schoenbornstrasse_2025-02-03_6,56,27,29,Public
schoenbornstrasse_2025-02-03_7,334,189,145,Public
schoenbornstrasse_2025-02-03_8,383,181,202,Public
schoenbornstrasse_2025-02-03_9,1042,517,525,Public
schoenbornstrasse_2025-02-03_10,1496,734,762,Public
schoenbornstrasse_2025-02-03_11,1953,958,995,Public
schoenbornstrasse_2025-02-03_12,2321,1186,1135,Public
schoenbornstrasse_2025-02-03_13,2404,1135,1269,Public
schoenbornstrasse_2025-02-03_14,2156,1090,1066,Public
schoenbornstrasse_2025-02-03_15,2079,1028,1051,Public
schoenbornstrasse_2025-02-03_16,2353,1107,1246,Public
schoenbornstrasse_2025-02-03_17,1993,986,1007,Public
schoenbornstrasse_2025-02-03_18,1302,626,676,Public
schoenbornstrasse_2025-02-03_19,720,372,348,Public
schoenbornstrasse_2025-02-03_20,246,115,131,Public
schoenbornstrasse_2025-02-03_21,148,87,61,Public
schoenbornstrasse_2025-02-03_22,100,37,63,Public
schoenbornstrasse_2025-02-03_23,41,15,26,Public
schoenbornstrasse_2025-02-04_0,10,2,8,Public
schoenbornstrasse_2025-02-04_1,17,6,11,Public
schoenbornstrasse_2025-02-04_2,5,4,1,Public
schoenbornstrasse_2025-02-04_3,2,1,1,Public
schoenbornstrasse_2025-02-04_4,6,1,5,Public
schoenbornstrasse_2025-02-04_5,22,13,9,Public
schoenbornstrasse_2025-02-04_6,82,37,45,Public
schoenbornstrasse_2025-02-04_7,335,194,141,Public
schoenbornstrasse_2025-02-04_8,404,194,210,Public
schoenbornstrasse_2025-02-04_9,855,393,462,Public
schoenbornstrasse_2025-02-04_10,1364,665,699,Public
schoenbornstrasse_2025-02-04_11,1878,901,977,Public
schoenbornstrasse_2025-02-04_12,2220,1128,1092,Public
schoenbornstrasse_2025-02-04_13,2376,1097,1279,Public
schoenbornstrasse_2025-02-04_14,2169,1025,1144,Public
schoenbornstrasse_2025-02-04_15,2346,1115,1231,Public
schoenbornstrasse_2025-02-04_16,2267,1060,1207,Public
schoenbornstrasse_2025-02-04_17,1948,920,1028,Public
schoenbornstrasse_2025-02-04_18,1394,655,739,Public
schoenbornstrasse_2025-02-04_19,709,306,403,Public
schoenbornstrasse_2025-02-04_20,242,145,97,Public
schoenbornstrasse_2025-02-04_21,189,110,79,Public
schoenbornstrasse_2025-02-04_22,78,35,43,Public
schoenbornstrasse_2025-02-04_23,62,32,30,Public
schoenbornstrasse_2025-02-05_0,28,14,14,Public
schoenbornstrasse_2025-02-05_1,8,2,6,Public
schoenbornstrasse_2025-02-05_2,9,1,8,Public
schoenbornstrasse_2025-02-05_3,6,0,6,Public
schoenbornstrasse_2025-02-05_4,7,2,5,Public
schoenbornstrasse_2025-02-05_5,27,12,15,Public
schoenbornstrasse_2025-02-05_6,67,31,36,Public
schoenbornstrasse_2025-02-05_7,282,156,126,Public
schoenbornstrasse_2025-02-05_8,448,228,220,Public
schoenbornstrasse_2025-02-05_9,829,366,463,Public
schoenbornstrasse_2025-02-05_10,1369,724,645,Public
schoenbornstrasse_2025-02-05_11,1748,864,884,Public
schoenbornstrasse_2025-02-05_12,2068,1024,1044,Public
schoenbornstrasse_2025-02-05_13,2179,1065,1114,Public
schoenbornstrasse_2025-02-05_14,2054,1032,1022,Public
schoenbornstrasse_2025-02-05_15,2166,1033,1133,Public
schoenbornstrasse_2025-02-05_16,2303,1071,1232,Public
schoenbornstrasse_2025-02-05_17,1974,944,1030,Public
schoenbornstrasse_2025-02-05_18,1460,659,801,Public
schoenbornstrasse_2025-02-05_19,823,413,410,Public
schoenbornstrasse_2025-02-05_20,310,170,140,Public
schoenbornstrasse_2025-02-05_21,205,104,101,Public
schoenbornstrasse_2025-02-05_22,172,102,70,Public
schoenbornstrasse_2025-02-05_23,68,33,35,Public
schoenbornstrasse_2025-02-06_0,34,14,20,Public
schoenbornstrasse_2025-02-06_1,20,8,12,Public
schoenbornstrasse_2025-02-06_2,8,3,5,Public
schoenbornstrasse_2025-02-06_3,15,3,12,Public
schoenbornstrasse_2025-02-06_4,13,9,4,Public
schoenbornstrasse_2025-02-06_5,23,7,16,Public
schoenbornstrasse_2025-02-06_6,84,40,44,Public
schoenbornstrasse_2025-02-06_7,317,186,131,Public
schoenbornstrasse_2025-02-06_8,410,188,222,Public
schoenbornstrasse_2025-02-06_9,853,410,443,Public
schoenbornstrasse_2025-02-06_10,1306,654,652,Public
schoenbornstrasse_2025-02-06_11,1733,919,814,Public
schoenbornstrasse_2025-02-06_12,2135,1028,1107,Public
schoenbornstrasse_2025-02-06_13,2535,1226,1309,Public
schoenbornstrasse_2025-02-06_14,2252,1083,1169,Public
schoenbornstrasse_2025-02-06_15,2388,1134,1254,Public
schoenbornstrasse_2025-02-06_16,2460,1191,1269,Public
schoenbornstrasse_2025-02-06_17,2310,1113,1197,Public
schoenbornstrasse_2025-02-06_18,1537,788,749,Public
schoenbornstrasse_2025-02-06_19,853,423,430,Public
schoenbornstrasse_2025-02-06_20,341,179,162,Public
schoenbornstrasse_2025-02-06_21,253,124,129,Public
schoenbornstrasse_2025-02-06_22,133,73,60,Public
schoenbornstrasse_2025-02-06_23,94,36,58,Public
schoenbornstrasse_2025-02-07_0,33,14,19,Public
schoenbornstrasse_2025-02-07_1,26,7,19,Public
schoenbornstrasse_2025-02-07_2,6,0,6,Public
schoenbornstrasse_2025-02-07_3,8,1,7,Public
schoenbornstrasse_2025-02-07_4,9,3,6,Public
schoenbornstrasse_2025-02-07_5,30,16,14,Public
schoenbornstrasse_2025-02-07_6,55,26,29,Public
schoenbornstrasse_2025-02-07_7,298,180,118,Public
schoenbornstrasse_2025-02-07_8,469,234,235,Public
schoenbornstrasse_2025-02-07_9,1008,500,508,Public
schoenbornstrasse_2025-02-07_10,1601,826,775,Public
schoenbornstrasse_2025-02-07_11,2112,1040,1072,Public
schoenbornstrasse_2025-02-07_12,2406,1228,1178,Public
schoenbornstrasse_2025-02-07_13,2973,1409,1564,Public
schoenbornstrasse_2025-02-07_14,2865,1467,1398,Public
schoenbornstrasse_2025-02-07_15,2907,1420,1487,Public
schoenbornstrasse_2025-02-07_16,3397,1588,1809,Public
schoenbornstrasse_2025-02-07_17,3004,1402,1602,Public
schoenbornstrasse_2025-02-07_18,2258,1150,1108,Public
schoenbornstrasse_2025-02-07_19,1592,789,803,Public
schoenbornstrasse_2025-02-07_20,655,314,341,Public
schoenbornstrasse_2025-02-07_21,352,206,146,Public
schoenbornstrasse_2025-02-07_22,351,200,151,Public
schoenbornstrasse_2025-02-07_23,217,140,77,Public
schoenbornstrasse_2025-02-08_0,99,41,58,Public
schoenbornstrasse_2025-02-08_1,64,20,44,Public
schoenbornstrasse_2025-02-08_2,76,22,54,Public
schoenbornstrasse_2025-02-08_3,34,11,23,Public
schoenbornstrasse_2025-02-08_4,59,6,53,Public
schoenbornstrasse_2025-02-08_5,31,13,18,Public
schoenbornstrasse_2025-02-08_6,24,12,12,Public
schoenbornstrasse_2025-02-08_7,47,28,19,Public
schoenbornstrasse_2025-02-08_8,198,94,104,Public
schoenbornstrasse_2025-02-08_9,678,303,375,Public
schoenbornstrasse_2025-02-08_10,1714,882,832,Public
schoenbornstrasse_2025-02-08_11,3201,1633,1568,Public
schoenbornstrasse_2025-02-08_12,4138,2150,1988,Public
schoenbornstrasse_2025-02-08_13,4947,2544,2403,Public
schoenbornstrasse_2025-02-08_14,5693,2991,2702,Public
schoenbornstrasse_2025-02-08_15,6934,3062,3872,Public
schoenbornstrasse_2025-02-08_16,5943,2786,3157,Public
schoenbornstrasse_2025-02-08_17,4642,2159,2483,Public
schoenbornstrasse_2025-02-08_18,3137,1565,1572,Public
schoenbornstrasse_2025-02-08_19,1897,959,938,Public
schoenbornstrasse_2025-02-08_20,679,339,340,Public
schoenbornstrasse_2025-02-08_21,453,244,209,Public
schoenbornstrasse_2025-02-08_22,299,155,144,Public
schoenbornstrasse_2025-02-08_23,163,89,74,Public
schoenbornstrasse_2025-02-09_0,179,96,83,Public
schoenbornstrasse_2025-02-09_1,133,62,71,Public
schoenbornstrasse_2025-02-09_2,76,37,39,Public
schoenbornstrasse_2025-02-09_3,71,46,25,Public
schoenbornstrasse_2025-02-09_4,23,9,14,Public
schoenbornstrasse_2025-02-09_5,26,7,19,Public
schoenbornstrasse_2025-02-09_6,23,9,14,Public
schoenbornstrasse_2025-02-09_7,26,14,12,Public
schoenbornstrasse_2025-02-09_8,52,19,33,Public
schoenbornstrasse_2025-02-09_9,200,110,90,Public
schoenbornstrasse_2025-02-09_10,238,108,130,Public
schoenbornstrasse_2025-02-09_11,499,277,222,Public
schoenbornstrasse_2025-02-09_12,571,274,297,Public
schoenbornstrasse_2025-02-09_13,619,325,294,Public
schoenbornstrasse_2025-02-09_14,718,381,337,Public
schoenbornstrasse_2025-02-09_15,884,414,470,Public
schoenbornstrasse_2025-02-09_16,837,366,471,Public
schoenbornstrasse_2025-02-09_17,645,289,356,Public
schoenbornstrasse_2025-02-09_18,556,245,311,Public
schoenbornstrasse_2025-02-09_19,317,127,190,Public
schoenbornstrasse_2025-02-09_20,223,112,111,Public
schoenbornstrasse_2025-02-09_21,132,67,65,Public
schoenbornstrasse_2025-02-09_22,97,58,39,Public
schoenbornstrasse_2025-02-09_23,54,26,28,Public
spiegelstrasse_2025-02-03_0,17,13,4,Public
spiegelstrasse_2025-02-03_1,13,8,5,Public
spiegelstrasse_2025-02-03_2,3,2,1,Public
spiegelstrasse_2025-02-03_3,14,10,4,Public
spiegelstrasse_2025-02-03_4,13,8,5,Public
spiegelstrasse_2025-02-03_5,68,47,21,Public
spiegelstrasse_2025-02-03_6,197,138,59,Public
spiegelstrasse_2025-02-03_7,459,269,190,Public
spiegelstrasse_2025-02-03_8,512,346,166,Public
spiegelstrasse_2025-02-03_9,754,466,288,Public
spiegelstrasse_2025-02-03_10,937,554,383,Public
spiegelstrasse_2025-02-03_11,1059,638,421,Public
spiegelstrasse_2025-02-03_12,1381,769,612,Public
spiegelstrasse_2025-02-03_13,1477,790,687,Public
spiegelstrasse_2025-02-03_14,1120,616,504,Public
spiegelstrasse_2025-02-03_15,1166,659,507,Public
spiegelstrasse_2025-02-03_16,1264,775,489,Public
spiegelstrasse_2025-02-03_17,1095,553,542,Public
spiegelstrasse_2025-02-03_18,707,371,336,Public
spiegelstrasse_2025-02-03_19,513,258,255,Public
spiegelstrasse_2025-02-03_20,244,142,102,Public
spiegelstrasse_2025-02-03_21,163,81,82,Public
spiegelstrasse_2025-02-03_22,135,73,62,Public
spiegelstrasse_2025-02-03_23,60,35,25,Public
spiegelstrasse_2025-02-04_0,29,20,9,Public
spiegelstrasse_2025-02-04_1,15,11,4,Public
spiegelstrasse_2025-02-04_2,4,0,4,Public
spiegelstrasse_2025-02-04_3,15,11,4,Public
spiegelstrasse_2025-02-04_4,7,5,2,Public
spiegelstrasse_2025-02-04_5,69,49,20,Public
spiegelstrasse_2025-02-04_6,174,123,51,Public
spiegelstrasse_2025-02-04_7,448,258,190,Public
spiegelstrasse_2025-02-04_8,527,328,199,Public
spiegelstrasse_2025-02-04_9,684,434,250,Public
spiegelstrasse_2025-02-04_10,847,499,348,Public
spiegelstrasse_2025-02-04_11,964,574,390,Public
spiegelstrasse_2025-02-04_12,1351,777,574,Public
spiegelstrasse_2025-02-04_13,1445,762,683,Public
spiegelstrasse_2025-02-04_14,1213,686,527,Public
spiegelstrasse_2025-02-04_15,1247,668,579,Public
spiegelstrasse_2025-02-04_16,1298,716,582,Public
spiegelstrasse_2025-02-04_17,1059,551,508,Public
spiegelstrasse_2025-02-04_18,867,470,397,Public
spiegelstrasse_2025-02-04_19,495,261,234,Public
spiegelstrasse_2025-02-04_20,326,169,157,Public
spiegelstrasse_2025-02-04_21,171,99,72,Public
spiegelstrasse_2025-02-04_22,93,49,44,Public
spiegelstrasse_2025-02-04_23,62,40,22,Public
spiegelstrasse_2025-02-05_0,31,19,12,Public
spiegelstrasse_2025-02-05_1,9,6,3,Public
spiegelstrasse_2025-02-05_2,7,5,2,Public
spiegelstrasse_2025-02-05_3,4,4,0,Public
spiegelstrasse_2025-02-05_4,6,5,1,Public
spiegelstrasse_2025-02-05_5,64,43,21,Public
spiegelstrasse_2025-02-05_6,183,120,63,Public
spiegelstrasse_2025-02-05_7,438,243,195,Public
spiegelstrasse_2025-02-05_8,533,321,212,Public
spiegelstrasse_2025-02-05_9,700,408,292,Public
spiegelstrasse_2025-02-05_10,896,533,363,Public
spiegelstrasse_2025-02-05_11,946,555,391,Public
spiegelstrasse_2025-02-05_12,1324,770,554,Public
spiegelstrasse_2025-02-05_13,1267,686,581,Public
spiegelstrasse_2025-02-05_14,1104,604,500,Public
spiegelstrasse_2025-02-05_15,1003,562,441,Public
spiegelstrasse_2025-02-05_16,1141,669,472,Public
spiegelstrasse_2025-02-05_17,1115,646,469,Public
spiegelstrasse_2025-02-05_18,754,408,346,Public
spiegelstrasse_2025-02-05_19,555,304,251,Public
spiegelstrasse_2025-02-05_20,307,173,134,Public
spiegelstrasse_2025-02-05_21,182,89,93,Public
spiegelstrasse_2025-02-05_22,152,73,79,Public
spiegelstrasse_2025-02-05_23,58,33,25,Public
spiegelstrasse_2025-02-06_0,38,25,13,Public
spiegelstrasse_2025-02-06_1,16,5,11,Public
spiegelstrasse_2025-02-06_2,5,0,5,Public
spiegelstrasse_2025-02-06_3,13,7,6,Public
spiegelstrasse_2025-02-06_4,9,4,5,Public
spiegelstrasse_2025-02-06_5,87,58,29,Public
spiegelstrasse_2025-02-06_6,185,123,62,Public
spiegelstrasse_2025-02-06_7,391,222,169,Public
spiegelstrasse_2025-02-06_8,594,365,229,Public
spiegelstrasse_2025-02-06_9,812,502,310,Public
spiegelstrasse_2025-02-06_10,911,563,348,Public
spiegelstrasse_2025-02-06_11,1152,676,476,Public
spiegelstrasse_2025-02-06_12,1312,761,551,Public
spiegelstrasse_2025-02-06_13,1531,808,723,Public
spiegelstrasse_2025-02-06_14,1181,688,493,Public
spiegelstrasse_2025-02-06_15,1187,704,483,Public
spiegelstrasse_2025-02-06_16,1309,734,575,Public
spiegelstrasse_2025-02-06_17,1265,696,569,Public
spiegelstrasse_2025-02-06_18,837,446,391,Public
spiegelstrasse_2025-02-06_19,540,305,235,Public
spiegelstrasse_2025-02-06_20,369,219,150,Public
spiegelstrasse_2025-02-06_21,239,119,120,Public
spiegelstrasse_2025-02-06_22,148,62,86,Public
spiegelstrasse_2025-02-06_23,63,45,18,Public
spiegelstrasse_2025-02-07_0,38,23,15,Public
spiegelstrasse_2025-02-07_1,9,3,6,Public
spiegelstrasse_2025-02-07_2,6,3,3,Public
spiegelstrasse_2025-02-07_3,10,3,7,Public
spiegelstrasse_2025-02-07_4,7,5,2,Public
spiegelstrasse_2025-02-07_5,68,48,20,Public
spiegelstrasse_2025-02-07_6,187,131,56,Public
spiegelstrasse_2025-02-07_7,415,242,173,Public
spiegelstrasse_2025-02-07_8,516,338,178,Public
spiegelstrasse_2025-02-07_9,653,412,241,Public
spiegelstrasse_2025-02-07_10,1079,609,470,Public
spiegelstrasse_2025-02-07_11,1151,644,507,Public
spiegelstrasse_2025-02-07_12,1423,779,644,Public
spiegelstrasse_2025-02-07_13,1511,827,684,Public
spiegelstrasse_2025-02-07_14,1359,830,529,Public
spiegelstrasse_2025-02-07_15,1268,742,526,Public
spiegelstrasse_2025-02-07_16,1401,717,684,Public
spiegelstrasse_2025-02-07_17,1279,620,659,Public
spiegelstrasse_2025-02-07_18,965,501,464,Public
spiegelstrasse_2025-02-07_19,688,371,317,Public
spiegelstrasse_2025-02-07_20,519,288,231,Public
spiegelstrasse_2025-02-07_21,334,197,137,Public
spiegelstrasse_2025-02-07_22,256,157,99,Public
spiegelstrasse_2025-02-07_23,120,67,53,Public
spiegelstrasse_2025-02-08_0,59,38,21,Public
spiegelstrasse_2025-02-08_1,39,15,24,Public
spiegelstrasse_2025-02-08_2,30,3,27,Public
spiegelstrasse_2025-02-08_3,18,8,10,Public
spiegelstrasse_2025-02-08_4,20,9,11,Public
spiegelstrasse_2025-02-08_5,36,20,16,Public
spiegelstrasse_2025-02-08_6,56,30,26,Public
spiegelstrasse_2025-02-08_7,88,55,33,Public
spiegelstrasse_2025-02-08_8,198,126,72,Public
spiegelstrasse_2025-02-08_9,503,342,161,Public
spiegelstrasse_2025-02-08_10,886,575,311,Public
spiegelstrasse_2025-02-08_11,1352,790,562,Public
spiegelstrasse_2025-02-08_12,1701,1018,683,Public
spiegelstrasse_2025-02-08_13,2014,1186,828,Public
spiegelstrasse_2025-02-08_14,2113,1225,888,Public
spiegelstrasse_2025-02-08_15,2143,1057,1086,Public
spiegelstrasse_2025-02-08_16,1822,862,960,Public
spiegelstrasse_2025-02-08_17,1446,667,779,Public
spiegelstrasse_2025-02-08_18,1125,488,637,Public
spiegelstrasse_2025-02-08_19,809,352,457,Public
spiegelstrasse_2025-02-08_20,465,265,200,Public
spiegelstrasse_2025-02-08_21,257,146,111,Public
spiegelstrasse_2025-02-08_22,237,138,99,Public
spiegelstrasse_2025-02-08_23,94,61,33,Public
spiegelstrasse_2025-02-09_0,76,45,31,Public
spiegelstrasse_2025-02-09_1,41,18,23,Public
spiegelstrasse_2025-02-09_2,16,6,10,Public
spiegelstrasse_2025-02-09_3,21,3,18,Public
spiegelstrasse_2025-02-09_4,15,5,10,Public
spiegelstrasse_2025-02-09_5,21,10,11,Public
spiegelstrasse_2025-02-09_6,26,12,14,Public
spiegelstrasse_2025-02-09_7,32,18,14,Public
spiegelstrasse_2025-02-09_8,65,40,25,Public
spiegelstrasse_2025-02-09_9,166,107,59,Public
spiegelstrasse_2025-02-09_10,288,176,112,Public
spiegelstrasse_2025-02-09_11,415,231,184,Public
spiegelstrasse_2025-02-09_12,478,255,223,Public
spiegelstrasse_2025-02-09_13,573,291,282,Public
spiegelstrasse_2025-02-09_14,667,350,317,Public
spiegelstrasse_2025-02-09_15,712,372,340,Public
spiegelstrasse_2025-02-09_16,631,315,316,Public
spiegelstrasse_2025-02-09_17,556,305,251,Public
spiegelstrasse_2025-02-09_18,422,229,193,Public
spiegelstrasse_2025-02-09_19,346,211,135,Public
spiegelstrasse_2025-02-09_20,235,118,117,Public
spiegelstrasse_2025-02-09_21,133,71,62,Public
spiegelstrasse_2025-02-09_22,84,39,45,Public
spiegelstrasse_2025-02-09_23,36,26,10,Public
kaiserstrasse_2025-02-10_0,33,18,15,Private
kaiserstrasse_2025-02-10_1,9,2,7,Private
kaiserstrasse_2025-02-10_2,7,2,5,Private
kaiserstrasse_2025-02-10_3,9,1,8,Private
kaiserstrasse_2025-02-10_4,24,6,18,Private
kaiserstrasse_2025-02-10_5,41,14,27,Private
kaiserstrasse_2025-02-10_6,194,108,86,Private
kaiserstrasse_2025-02-10_7,630,426,204,Private
kaiserstrasse_2025-02-10_8,699,405,294,Private
kaiserstrasse_2025-02-10_9,998,536,462,Private
kaiserstrasse_2025-02-10_10,1531,769,762,Private
kaiserstrasse_2025-02-10_11,1700,834,866,Private
kaiserstrasse_2025-02-10_12,2051,1005,1046,Private
kaiserstrasse_2025-02-10_13,2180,1051,1129,Private
kaiserstrasse_2025-02-10_14,2037,980,1057,Private
kaiserstrasse_2025-02-10_15,2000,936,1064,Private
kaiserstrasse_2025-02-10_16,2303,1020,1283,Private
kaiserstrasse_2025-02-10_17,2069,966,1103,Private
kaiserstrasse_2025-02-10_18,1514,684,830,Private
kaiserstrasse_2025-02-10_19,863,434,429,Private
kaiserstrasse_2025-02-10_20,372,189,183,Private
kaiserstrasse_2025-02-10_21,283,142,141,Private
kaiserstrasse_2025-02-10_22,105,52,53,Private
kaiserstrasse_2025-02-10_23,56,35,21,Private
kaiserstrasse_2025-02-11_0,60,16,44,Private
kaiserstrasse_2025-02-11_1,18,16,2,Private
kaiserstrasse_2025-02-11_2,6,2,4,Private
kaiserstrasse_2025-02-11_3,3,0,3,Private
kaiserstrasse_2025-02-11_4,16,4,12,Private
kaiserstrasse_2025-02-11_5,48,21,27,Private
kaiserstrasse_2025-02-11_6,197,91,106,Private
kaiserstrasse_2025-02-11_7,623,420,203,Private
kaiserstrasse_2025-02-11_8,779,463,316,Private
kaiserstrasse_2025-02-11_9,886,465,421,Private
kaiserstrasse_2025-02-11_10,1291,669,622,Private
kaiserstrasse_2025-02-11_11,1480,775,705,Private
kaiserstrasse_2025-02-11_12,1954,929,1025,Private
kaiserstrasse_2025-02-11_13,2241,1032,1209,Private
kaiserstrasse_2025-02-11_14,1876,902,974,Private
kaiserstrasse_2025-02-11_15,2091,972,1119,Private
kaiserstrasse_2025-02-11_16,2130,930,1200,Private
kaiserstrasse_2025-02-11_17,2106,937,1169,Private
kaiserstrasse_2025-02-11_18,1511,686,825,Private
kaiserstrasse_2025-02-11_19,931,444,487,Private
kaiserstrasse_2025-02-11_20,342,165,177,Private
kaiserstrasse_2025-02-11_21,173,73,100,Private
kaiserstrasse_2025-02-11_22,142,78,64,Private
kaiserstrasse_2025-02-11_23,63,31,32,Private
kaiserstrasse_2025-02-12_0,19,6,13,Private
kaiserstrasse_2025-02-12_1,22,12,10,Private
kaiserstrasse_2025-02-12_2,5,0,5,Private
kaiserstrasse_2025-02-12_3,18,4,14,Private
kaiserstrasse_2025-02-12_4,11,0,11,Private
kaiserstrasse_2025-02-12_5,86,43,43,Private
kaiserstrasse_2025-02-12_6,370,221,149,Private
kaiserstrasse_2025-02-12_7,973,747,226,Private
kaiserstrasse_2025-02-12_8,774,533,241,Private
kaiserstrasse_2025-02-12_9,868,507,361,Private
kaiserstrasse_2025-02-12_10,1225,643,582,Private
kaiserstrasse_2025-02-12_11,1386,680,706,Private
kaiserstrasse_2025-02-12_12,1674,760,914,Private
kaiserstrasse_2025-02-12_13,1960,859,1101,Private
kaiserstrasse_2025-02-12_14,1574,751,823,Private
kaiserstrasse_2025-02-12_15,1700,731,969,Private
kaiserstrasse_2025-02-12_16,2100,920,1180,Private
kaiserstrasse_2025-02-12_17,1902,871,1031,Private
kaiserstrasse_2025-02-12_18,1378,657,721,Private
kaiserstrasse_2025-02-12_19,834,359,475,Private
kaiserstrasse_2025-02-12_20,421,203,218,Private
kaiserstrasse_2025-02-12_21,261,117,144,Private
kaiserstrasse_2025-02-12_22,145,56,89,Private
kaiserstrasse_2025-02-12_23,77,39,38,Private
kaiserstrasse_2025-02-13_0,58,20,38,Private
kaiserstrasse_2025-02-13_1,15,6,9,Private
kaiserstrasse_2025-02-13_2,11,6,5,Private
kaiserstrasse_2025-02-13_3,4,1,3,Private
kaiserstrasse_2025-02-13_4,14,6,8,Private
kaiserstrasse_2025-02-13_5,55,24,31,Private
kaiserstrasse_2025-02-13_6,202,110,92,Private
kaiserstrasse_2025-02-13_7,710,460,250,Private
kaiserstrasse_2025-02-13_8,674,383,291,Private
kaiserstrasse_2025-02-13_9,983,514,469,Private
kaiserstrasse_2025-02-13_10,1425,718,707,Private
kaiserstrasse_2025-02-13_11,1631,833,798,Private
kaiserstrasse_2025-02-13_12,1963,956,1007,Private
kaiserstrasse_2025-02-13_13,2051,971,1080,Private
kaiserstrasse_2025-02-13_14,1877,893,984,Private
kaiserstrasse_2025-02-13_15,1929,826,1103,Private
kaiserstrasse_2025-02-13_16,2166,955,1211,Private
kaiserstrasse_2025-02-13_17,1999,939,1060,Private
kaiserstrasse_2025-02-13_18,1467,721,746,Private
kaiserstrasse_2025-02-13_19,983,456,527,Private
kaiserstrasse_2025-02-13_20,426,182,244,Private
kaiserstrasse_2025-02-13_21,228,103,125,Private
kaiserstrasse_2025-02-13_22,145,65,80,Private
kaiserstrasse_2025-02-13_23,55,25,30,Private
kaiserstrasse_2025-02-14_0,44,25,19,Private
kaiserstrasse_2025-02-14_1,23,8,15,Private
kaiserstrasse_2025-02-14_2,10,6,4,Private
kaiserstrasse_2025-02-14_3,17,5,12,Private
kaiserstrasse_2025-02-14_4,25,11,14,Private
kaiserstrasse_2025-02-14_5,56,18,38,Private
kaiserstrasse_2025-02-14_6,160,77,83,Private
kaiserstrasse_2025-02-14_7,575,363,212,Private
kaiserstrasse_2025-02-14_8,703,419,284,Private
kaiserstrasse_2025-02-14_9,917,458,459,Private
kaiserstrasse_2025-02-14_10,1364,704,660,Private
kaiserstrasse_2025-02-14_11,1608,809,799,Private
kaiserstrasse_2025-02-14_12,2034,947,1087,Private
kaiserstrasse_2025-02-14_13,2441,1112,1329,Private
kaiserstrasse_2025-02-14_14,2460,1126,1334,Private
kaiserstrasse_2025-02-14_15,2412,1128,1284,Private
kaiserstrasse_2025-02-14_16,2463,1224,1239,Private
kaiserstrasse_2025-02-14_17,2558,1234,1324,Private
kaiserstrasse_2025-02-14_18,2252,1027,1225,Private
kaiserstrasse_2025-02-14_19,1748,835,913,Private
kaiserstrasse_2025-02-14_20,819,402,417,Private
kaiserstrasse_2025-02-14_21,447,210,237,Private
kaiserstrasse_2025-02-14_22,387,186,201,Private
kaiserstrasse_2025-02-14_23,275,150,125,Private
kaiserstrasse_2025-02-15_0,137,82,55,Private
kaiserstrasse_2025-02-15_1,82,39,43,Private
kaiserstrasse_2025-02-15_2,38,24,14,Private
kaiserstrasse_2025-02-15_3,33,11,22,Private
kaiserstrasse_2025-02-15_4,51,9,42,Private
kaiserstrasse_2025-02-15_5,20,7,13,Private
kaiserstrasse_2025-02-15_6,77,32,45,Private
kaiserstrasse_2025-02-15_7,109,50,59,Private
kaiserstrasse_2025-02-15_8,306,150,156,Private
kaiserstrasse_2025-02-15_9,660,352,308,Private
kaiserstrasse_2025-02-15_10,1095,583,512,Private
kaiserstrasse_2025-02-15_11,1696,956,740,Private
kaiserstrasse_2025-02-15_12,2074,1107,967,Private
kaiserstrasse_2025-02-15_13,2303,1157,1146,Private
kaiserstrasse_2025-02-15_14,3199,1599,1600,Private
kaiserstrasse_2025-02-15_15,2784,1369,1415,Private
kaiserstrasse_2025-02-15_16,2714,1216,1498,Private
kaiserstrasse_2025-02-15_17,2395,1120,1275,Private
kaiserstrasse_2025-02-15_18,2359,980,1379,Private
kaiserstrasse_2025-02-15_19,1587,669,918,Private
kaiserstrasse_2025-02-15_20,683,279,404,Private
kaiserstrasse_2025-02-15_21,418,203,215,Private
kaiserstrasse_2025-02-15_22,385,203,182,Private
kaiserstrasse_2025-02-15_23,414,237,177,Private
kaiserstrasse_2025-02-16_0,232,118,114,Private
kaiserstrasse_2025-02-16_1,107,47,60,Private
kaiserstrasse_2025-02-16_2,85,35,50,Private
kaiserstrasse_2025-02-16_3,33,15,18,Private
kaiserstrasse_2025-02-16_4,19,6,13,Private
kaiserstrasse_2025-02-16_5,36,6,30,Private
kaiserstrasse_2025-02-16_6,29,9,20,Private
kaiserstrasse_2025-02-16_7,54,25,29,Private
kaiserstrasse_2025-02-16_8,91,35,56,Private
kaiserstrasse_2025-02-16_9,167,75,92,Private
kaiserstrasse_2025-02-16_10,295,142,153,Private
kaiserstrasse_2025-02-16_11,486,215,271,Private
kaiserstrasse_2025-02-16_12,489,218,271,Private
kaiserstrasse_2025-02-16_13,551,275,276,Private
kaiserstrasse_2025-02-16_14,714,350,364,Private
kaiserstrasse_2025-02-16_15,673,348,325,Private
kaiserstrasse_2025-02-16_16,694,314,380,Private
kaiserstrasse_2025-02-16_17,608,296,312,Private
kaiserstrasse_2025-02-16_18,681,339,342,Private
kaiserstrasse_2025-02-16_19,428,181,247,Private
kaiserstrasse_2025-02-16_20,286,165,121,Private
kaiserstrasse_2025-02-16_21,190,95,95,Private
kaiserstrasse_2025-02-16_22,196,133,63,Private
kaiserstrasse_2025-02-16_23,72,52,20,Private
schoenbornstrasse_2025-02-10_0,15,9,6,Private
schoenbornstrasse_2025-02-10_1,15,4,11,Private
schoenbornstrasse_2025-02-10_2,14,13,1,Private
schoenbornstrasse_2025-02-10_3,6,2,4,Private
schoenbornstrasse_2025-02-10_4,11,3,8,Private
schoenbornstrasse_2025-02-10_5,20,10,10,Private
schoenbornstrasse_2025-02-10_6,79,35,44,Private
schoenbornstrasse_2025-02-10_7,329,195,134,Private
schoenbornstrasse_2025-02-10_8,487,250,237,Private
schoenbornstrasse_2025-02-10_9,964,479,485,Private
schoenbornstrasse_2025-02-10_10,1571,775,796,Private
schoenbornstrasse_2025-02-10_11,2121,1040,1081,Private
schoenbornstrasse_2025-02-10_12,2420,1202,1218,Private
schoenbornstrasse_2025-02-10_13,2628,1292,1336,Private
schoenbornstrasse_2025-02-10_14,2438,1213,1225,Private
schoenbornstrasse_2025-02-10_15,2444,1161,1283,Private
schoenbornstrasse_2025-02-10_16,2573,1248,1325,Private
schoenbornstrasse_2025-02-10_17,2205,1091,1114,Private
schoenbornstrasse_2025-02-10_18,1469,714,755,Private
schoenbornstrasse_2025-02-10_19,721,365,356,Private
schoenbornstrasse_2025-02-10_20,281,140,141,Private
schoenbornstrasse_2025-02-10_21,170,94,76,Private
schoenbornstrasse_2025-02-10_22,79,34,45,Private
schoenbornstrasse_2025-02-10_23,51,21,30,Private
schoenbornstrasse_2025-02-11_0,53,14,39,Private
schoenbornstrasse_2025-02-11_1,12,4,8,Private
schoenbornstrasse_2025-02-11_2,6,4,2,Private
schoenbornstrasse_2025-02-11_3,10,6,4,Private
schoenbornstrasse_2025-02-11_4,14,7,7,Private
schoenbornstrasse_2025-02-11_5,21,8,13,Private
schoenbornstrasse_2025-02-11_6,79,37,42,Private
schoenbornstrasse_2025-02-11_7,339,211,128,Private
schoenbornstrasse_2025-02-11_8,444,214,230,Private
schoenbornstrasse_2025-02-11_9,867,406,461,Private
schoenbornstrasse_2025-02-11_10,1571,768,803,Private
schoenbornstrasse_2025-02-11_11,1848,893,955,Private
schoenbornstrasse_2025-02-11_12,2302,1163,1139,Private
schoenbornstrasse_2025-02-11_13,2583,1226,1357,Private
schoenbornstrasse_2025-02-11_14,2295,1149,1146,Private
schoenbornstrasse_2025-02-11_15,2332,1152,1180,Private
schoenbornstrasse_2025-02-11_16,2494,1200,1294,Private
schoenbornstrasse_2025-02-11_17,2142,1044,1098,Private
schoenbornstrasse_2025-02-11_18,1418,699,719,Private
schoenbornstrasse_2025-02-11_19,789,358,431,Private
schoenbornstrasse_2025-02-11_20,366,186,180,Private
schoenbornstrasse_2025-02-11_21,173,86,87,Private
schoenbornstrasse_2025-02-11_22,108,47,61,Private
schoenbornstrasse_2025-02-11_23,47,15,32,Private
schoenbornstrasse_2025-02-12_0,44,13,31,Private
schoenbornstrasse_2025-02-12_1,25,7,18,Private
schoenbornstrasse_2025-02-12_2,7,2,5,Private
schoenbornstrasse_2025-02-12_3,7,3,4,Private
schoenbornstrasse_2025-02-12_4,15,2,13,Private
schoenbornstrasse_2025-02-12_5,52,14,38,Private
schoenbornstrasse_2025-02-12_6,173,105,68,Private
schoenbornstrasse_2025-02-12_7,726,542,184,Private
schoenbornstrasse_2025-02-12_8,416,212,204,Private
schoenbornstrasse_2025-02-12_9,580,308,272,Private
schoenbornstrasse_2025-02-12_10,828,440,388,Private
schoenbornstrasse_2025-02-12_11,1109,590,519,Private
schoenbornstrasse_2025-02-12_12,1310,622,688,Private
schoenbornstrasse_2025-02-12_13,1627,745,882,Private
schoenbornstrasse_2025-02-12_14,1757,872,885,Private
schoenbornstrasse_2025-02-12_15,1912,888,1024,Private
schoenbornstrasse_2025-02-12_16,2328,1115,1213,Private
schoenbornstrasse_2025-02-12_17,1933,939,994,Private
schoenbornstrasse_2025-02-12_18,1339,658,681,Private
schoenbornstrasse_2025-02-12_19,743,360,383,Private
schoenbornstrasse_2025-02-12_20,316,184,132,Private
schoenbornstrasse_2025-02-12_21,226,126,100,Private
schoenbornstrasse_2025-02-12_22,146,65,81,Private
schoenbornstrasse_2025-02-12_23,60,32,28,Private
schoenbornstrasse_2025-02-13_0,69,24,45,Private
schoenbornstrasse_2025-02-13_1,21,15,6,Private
schoenbornstrasse_2025-02-13_2,18,8,10,Private
schoenbornstrasse_2025-02-13_3,19,9,10,Private
schoenbornstrasse_2025-02-13_4,7,4,3,Private
schoenbornstrasse_2025-02-13_5,18,9,9,Private
schoenbornstrasse_2025-02-13_6,93,49,44,Private
schoenbornstrasse_2025-02-13_7,343,206,137,Private
schoenbornstrasse_2025-02-13_8,448,207,241,Private
schoenbornstrasse_2025-02-13_9,912,389,523,Private
schoenbornstrasse_2025-02-13_10,1656,851,805,Private
schoenbornstrasse_2025-02-13_11,2094,1036,1058,Private
schoenbornstrasse_2025-02-13_12,2264,1129,1135,Private
schoenbornstrasse_2025-02-13_13,2252,1063,1189,Private
schoenbornstrasse_2025-02-13_14,2312,1154,1158,Private
schoenbornstrasse_2025-02-13_15,2636,1263,1373,Private
schoenbornstrasse_2025-02-13_16,2590,1221,1369,Private
schoenbornstrasse_2025-02-13_17,2171,1066,1105,Private
schoenbornstrasse_2025-02-13_18,1528,766,762,Private
schoenbornstrasse_2025-02-13_19,958,458,500,Private
schoenbornstrasse_2025-02-13_20,314,145,169,Private
schoenbornstrasse_2025-02-13_21,175,76,99,Private
schoenbornstrasse_2025-02-13_22,107,63,44,Private
schoenbornstrasse_2025-02-13_23,58,20,38,Private
schoenbornstrasse_2025-02-14_0,50,25,25,Private
schoenbornstrasse_2025-02-14_1,31,22,9,Private
schoenbornstrasse_2025-02-14_2,7,1,6,Private
schoenbornstrasse_2025-02-14_3,22,8,14,Private
schoenbornstrasse_2025-02-14_4,15,3,12,Private
schoenbornstrasse_2025-02-14_5,28,14,14,Private
schoenbornstrasse_2025-02-14_6,72,30,42,Private
schoenbornstrasse_2025-02-14_7,291,170,121,Private
schoenbornstrasse_2025-02-14_8,414,202,212,Private
schoenbornstrasse_2025-02-14_9,880,411,469,Private
schoenbornstrasse_2025-02-14_10,1679,822,857,Private
schoenbornstrasse_2025-02-14_11,2093,1085,1008,Private
schoenbornstrasse_2025-02-14_12,2399,1155,1244,Private
schoenbornstrasse_2025-02-14_13,2914,1406,1508,Private
schoenbornstrasse_2025-02-14_14,3050,1474,1576,Private
schoenbornstrasse_2025-02-14_15,3026,1508,1518,Private
schoenbornstrasse_2025-02-14_16,3681,1710,1971,Private
schoenbornstrasse_2025-02-14_17,3276,1589,1687,Private
schoenbornstrasse_2025-02-14_18,2600,1254,1346,Private
schoenbornstrasse_2025-02-14_19,1808,914,894,Private
schoenbornstrasse_2025-02-14_20,774,398,376,Private
schoenbornstrasse_2025-02-14_21,390,216,174,Private
schoenbornstrasse_2025-02-14_22,280,123,157,Private
schoenbornstrasse_2025-02-14_23,181,95,86,Private
schoenbornstrasse_2025-02-15_0,135,60,75,Private
schoenbornstrasse_2025-02-15_1,80,28,52,Private
schoenbornstrasse_2025-02-15_2,47,16,31,Private
schoenbornstrasse_2025-02-15_3,38,8,30,Private
schoenbornstrasse_2025-02-15_4,42,8,34,Private
schoenbornstrasse_2025-02-15_5,12,7,5,Private
schoenbornstrasse_2025-02-15_6,20,11,9,Private
schoenbornstrasse_2025-02-15_7,58,26,32,Private
schoenbornstrasse_2025-02-15_8,175,84,91,Private
schoenbornstrasse_2025-02-15_9,634,299,335,Private
schoenbornstrasse_2025-02-15_10,1607,800,807,Private
schoenbornstrasse_2025-02-15_11,2854,1514,1340,Private
schoenbornstrasse_2025-02-15_12,4181,1948,2233,Private
schoenbornstrasse_2025-02-15_13,4445,2204,2241,Private
schoenbornstrasse_2025-02-15_14,5129,2672,2457,Private
schoenbornstrasse_2025-02-15_15,5393,2856,2537,Private
schoenbornstrasse_2025-02-15_16,4910,2222,2688,Private
schoenbornstrasse_2025-02-15_17,3734,1789,1945,Private
schoenbornstrasse_2025-02-15_18,2721,1288,1433,Private
schoenbornstrasse_2025-02-15_19,1560,758,802,Private
schoenbornstrasse_2025-02-15_20,652,354,298,Private
schoenbornstrasse_2025-02-15_21,453,240,213,Private
schoenbornstrasse_2025-02-15_22,299,146,153,Private
schoenbornstrasse_2025-02-15_23,290,138,152,Private
schoenbornstrasse_2025-02-16_0,185,108,77,Private
schoenbornstrasse_2025-02-16_1,86,32,54,Private
schoenbornstrasse_2025-02-16_2,63,33,30,Private
schoenbornstrasse_2025-02-16_3,27,8,19,Private
schoenbornstrasse_2025-02-16_4,29,11,18,Private
schoenbornstrasse_2025-02-16_5,33,6,27,Private
schoenbornstrasse_2025-02-16_6,30,18,12,Private
schoenbornstrasse_2025-02-16_7,34,13,21,Private
schoenbornstrasse_2025-02-16_8,52,30,22,Private
schoenbornstrasse_2025-02-16_9,178,76,102,Private
schoenbornstrasse_2025-02-16_10,261,131,130,Private
schoenbornstrasse_2025-02-16_11,483,252,231,Private
schoenbornstrasse_2025-02-16_12,435,194,241,Private
schoenbornstrasse_2025-02-16_13,526,255,271,Private
schoenbornstrasse_2025-02-16_14,762,371,391,Private
schoenbornstrasse_2025-02-16_15,850,387,463,Private
schoenbornstrasse_2025-02-16_16,719,319,400,Private
schoenbornstrasse_2025-02-16_17,735,376,359,Private
schoenbornstrasse_2025-02-16_18,463,202,261,Private
schoenbornstrasse_2025-02-16_19,366,157,209,Private
schoenbornstrasse_2025-02-16_20,234,127,107,Private
schoenbornstrasse_2025-02-16_21,137,66,71,Private
schoenbornstrasse_2025-02-16_22,101,71,30,Private
schoenbornstrasse_2025-02-16_23,67,42,25,Private
spiegelstrasse_2025-02-10_0,21,15,6,Private
spiegelstrasse_2025-02-10_1,17,14,3,Private
spiegelstrasse_2025-02-10_2,6,4,2,Private
spiegelstrasse_2025-02-10_3,3,2,1,Private
spiegelstrasse_2025-02-10_4,15,6,9,Private
spiegelstrasse_2025-02-10_5,72,53,19,Private
spiegelstrasse_2025-02-10_6,176,114,62,Private
spiegelstrasse_2025-02-10_7,417,235,182,Private
spiegelstrasse_2025-02-10_8,516,328,188,Private
spiegelstrasse_2025-02-10_9,733,459,274,Private
spiegelstrasse_2025-02-10_10,1072,673,399,Private
spiegelstrasse_2025-02-10_11,1218,706,512,Private
spiegelstrasse_2025-02-10_12,1313,736,577,Private
spiegelstrasse_2025-02-10_13,1414,789,625,Private
spiegelstrasse_2025-02-10_14,1173,636,537,Private
spiegelstrasse_2025-02-10_15,1246,671,575,Private
spiegelstrasse_2025-02-10_16,1309,739,570,Private
spiegelstrasse_2025-02-10_17,1168,634,534,Private
spiegelstrasse_2025-02-10_18,784,389,395,Private
spiegelstrasse_2025-02-10_19,585,325,260,Private
spiegelstrasse_2025-02-10_20,305,160,145,Private
spiegelstrasse_2025-02-10_21,191,97,94,Private
spiegelstrasse_2025-02-10_22,116,57,59,Private
spiegelstrasse_2025-02-10_23,36,21,15,Private
spiegelstrasse_2025-02-11_0,26,15,11,Private
spiegelstrasse_2025-02-11_1,15,10,5,Private
spiegelstrasse_2025-02-11_2,15,5,10,Private
spiegelstrasse_2025-02-11_3,8,2,6,Private
spiegelstrasse_2025-02-11_4,3,0,3,Private
spiegelstrasse_2025-02-11_5,85,51,34,Private
spiegelstrasse_2025-02-11_6,176,115,61,Private
spiegelstrasse_2025-02-11_7,472,275,197,Private
spiegelstrasse_2025-02-11_8,601,397,204,Private
spiegelstrasse_2025-02-11_9,809,478,331,Private
spiegelstrasse_2025-02-11_10,901,554,347,Private
spiegelstrasse_2025-02-11_11,1104,643,461,Private
spiegelstrasse_2025-02-11_12,1382,758,624,Private
spiegelstrasse_2025-02-11_13,1395,777,618,Private
spiegelstrasse_2025-02-11_14,1253,685,568,Private
spiegelstrasse_2025-02-11_15,1259,711,548,Private
spiegelstrasse_2025-02-11_16,1280,733,547,Private
spiegelstrasse_2025-02-11_17,1274,678,596,Private
spiegelstrasse_2025-02-11_18,886,447,439,Private
spiegelstrasse_2025-02-11_19,579,308,271,Private
spiegelstrasse_2025-02-11_20,294,163,131,Private
spiegelstrasse_2025-02-11_21,207,114,93,Private
spiegelstrasse_2025-02-11_22,117,74,43,Private
spiegelstrasse_2025-02-11_23,72,34,38,Private
spiegelstrasse_2025-02-12_0,21,9,12,Private
spiegelstrasse_2025-02-12_1,22,16,6,Private
spiegelstrasse_2025-02-12_2,14,2,12,Private
spiegelstrasse_2025-02-12_3,15,10,5,Private
spiegelstrasse_2025-02-12_4,14,5,9,Private
spiegelstrasse_2025-02-12_5,32,20,12,Private
spiegelstrasse_2025-02-12_6,133,82,51,Private
spiegelstrasse_2025-02-12_7,350,185,165,Private
spiegelstrasse_2025-02-12_8,404,250,154,Private
spiegelstrasse_2025-02-12_9,490,315,175,Private
spiegelstrasse_2025-02-12_10,518,301,217,Private
spiegelstrasse_2025-02-12_11,556,317,239,Private
spiegelstrasse_2025-02-12_12,781,411,370,Private
spiegelstrasse_2025-02-12_13,875,492,383,Private
spiegelstrasse_2025-02-12_14,974,531,443,Private
spiegelstrasse_2025-02-12_15,935,546,389,Private
spiegelstrasse_2025-02-12_16,1110,653,457,Private
spiegelstrasse_2025-02-12_17,957,532,425,Private
spiegelstrasse_2025-02-12_18,641,337,304,Private
spiegelstrasse_2025-02-12_19,394,209,185,Private
spiegelstrasse_2025-02-12_20,266,135,131,Private
spiegelstrasse_2025-02-12_21,177,84,93,Private
spiegelstrasse_2025-02-12_22,101,32,69,Private
spiegelstrasse_2025-02-12_23,49,27,22,Private
spiegelstrasse_2025-02-13_0,32,10,22,Private
spiegelstrasse_2025-02-13_1,7,4,3,Private
spiegelstrasse_2025-02-13_2,21,8,13,Private
spiegelstrasse_2025-02-13_3,7,4,3,Private
spiegelstrasse_2025-02-13_4,8,4,4,Private
spiegelstrasse_2025-02-13_5,61,38,23,Private
spiegelstrasse_2025-02-13_6,179,115,64,Private
spiegelstrasse_2025-02-13_7,383,221,162,Private
spiegelstrasse_2025-02-13_8,607,412,195,Private
spiegelstrasse_2025-02-13_9,859,520,339,Private
spiegelstrasse_2025-02-13_10,929,579,350,Private
spiegelstrasse_2025-02-13_11,1205,716,489,Private
spiegelstrasse_2025-02-13_12,1287,730,557,Private
spiegelstrasse_2025-02-13_13,1280,703,577,Private
spiegelstrasse_2025-02-13_14,1250,712,538,Private
spiegelstrasse_2025-02-13_15,1305,718,587,Private
spiegelstrasse_2025-02-13_16,1390,799,591,Private
spiegelstrasse_2025-02-13_17,1119,585,534,Private
spiegelstrasse_2025-02-13_18,787,357,430,Private
spiegelstrasse_2025-02-13_19,477,240,237,Private
spiegelstrasse_2025-02-13_20,304,165,139,Private
spiegelstrasse_2025-02-13_21,186,92,94,Private
spiegelstrasse_2025-02-13_22,129,72,57,Private
spiegelstrasse_2025-02-13_23,86,52,34,Private
spiegelstrasse_2025-02-14_0,39,18,21,Private
spiegelstrasse_2025-02-14_1,9,8,1,Private
spiegelstrasse_2025-02-14_2,8,3,5,Private
spiegelstrasse_2025-02-14_3,13,6,7,Private
spiegelstrasse_2025-02-14_4,13,8,5,Private
spiegelstrasse_2025-02-14_5,68,41,27,Private
spiegelstrasse_2025-02-14_6,155,113,42,Private
spiegelstrasse_2025-02-14_7,392,243,149,Private
spiegelstrasse_2025-02-14_8,528,347,181,Private
spiegelstrasse_2025-02-14_9,806,504,302,Private
spiegelstrasse_2025-02-14_10,984,583,401,Private
spiegelstrasse_2025-02-14_11,1233,708,525,Private
spiegelstrasse_2025-02-14_12,1535,859,676,Private
spiegelstrasse_2025-02-14_13,1553,910,643,Private
spiegelstrasse_2025-02-14_14,1452,780,672,Private
spiegelstrasse_2025-02-14_15,1380,786,594,Private
spiegelstrasse_2025-02-14_16,2608,1972,636,Private
spiegelstrasse_2025-02-14_17,1403,732,671,Private
spiegelstrasse_2025-02-14_18,1136,581,555,Private
spiegelstrasse_2025-02-14_19,908,487,421,Private
spiegelstrasse_2025-02-14_20,602,329,273,Private
spiegelstrasse_2025-02-14_21,381,193,188,Private
spiegelstrasse_2025-02-14_22,273,174,99,Private
spiegelstrasse_2025-02-14_23,135,85,50,Private
spiegelstrasse_2025-02-15_0,66,32,34,Private
spiegelstrasse_2025-02-15_1,46,23,23,Private
spiegelstrasse_2025-02-15_2,22,9,13,Private
spiegelstrasse_2025-02-15_3,15,7,8,Private
spiegelstrasse_2025-02-15_4,18,10,8,Private
spiegelstrasse_2025-02-15_5,35,20,15,Private
spiegelstrasse_2025-02-15_6,82,62,20,Private
spiegelstrasse_2025-02-15_7,100,72,28,Private
spiegelstrasse_2025-02-15_8,230,142,88,Private
spiegelstrasse_2025-02-15_9,528,335,193,Private
spiegelstrasse_2025-02-15_10,954,593,361,Private
spiegelstrasse_2025-02-15_11,1296,843,453,Private
spiegelstrasse_2025-02-15_12,1483,859,624,Private
spiegelstrasse_2025-02-15_13,1816,966,850,Private
spiegelstrasse_2025-02-15_14,1789,976,813,Private
spiegelstrasse_2025-02-15_15,1584,753,831,Private
spiegelstrasse_2025-02-15_16,1629,770,859,Private
spiegelstrasse_2025-02-15_17,1155,543,612,Private
spiegelstrasse_2025-02-15_18,923,421,502,Private
spiegelstrasse_2025-02-15_19,749,374,375,Private
spiegelstrasse_2025-02-15_20,424,214,210,Private
spiegelstrasse_2025-02-15_21,319,160,159,Private
spiegelstrasse_2025-02-15_22,234,166,68,Private
spiegelstrasse_2025-02-15_23,144,87,57,Private
spiegelstrasse_2025-02-16_0,78,21,57,Private
spiegelstrasse_2025-02-16_1,44,19,25,Private
spiegelstrasse_2025-02-16_2,27,14,13,Private
spiegelstrasse_2025-02-16_3,8,6,2,Private
spiegelstrasse_2025-02-16_4,10,5,5,Private
spiegelstrasse_2025-02-16_5,15,7,8,Private
spiegelstrasse_2025-02-16_6,21,13,8,Private
spiegelstrasse_2025-02-16_7,26,16,10,Private
spiegelstrasse_2025-02-16_8,77,45,32,Private
spiegelstrasse_2025-02-16_9,151,99,52,Private
spiegelstrasse_2025-02-16_10,194,124,70,Private
spiegelstrasse_2025-02-16_11,345,178,167,Private
spiegelstrasse_2025-02-16_12,382,188,194,Private
spiegelstrasse_2025-02-16_13,457,238,219,Private
spiegelstrasse_2025-02-16_14,564,339,225,Private
spiegelstrasse_2025-02-16_15,733,361,372,Private
spiegelstrasse_2025-02-16_16,649,323,326,Private
spiegelstrasse_2025-02-16_17,570,290,280,Private
spiegelstrasse_2025-02-16_18,367,210,157,Private
spiegelstrasse_2025-02-16_19,335,171,164,Private
spiegelstrasse_2025-02-16_20,222,122,100,Private
spiegelstrasse_2025-02-16_21,147,92,55,Private
spiegelstrasse_2025-02-16_22,90,50,40,Private
spiegelstrasse_2025-02-16_23,29,18,11,Private
