id,n_pedestrians,n_pedestrians_towards,n_pedestrians_away
kaiserstrasse_2025-02-03_1,11.6,5.5,7.0
spiegelstrasse_2025-02-03_1,1.9,1.2,0.0
schoenbornstrasse_2025-02-03_1,10.7,4.8,5.4
kaiserstrasse_2025-02-03_2,8.2,2.6,6.1
spiegelstrasse_2025-02-03_2,0.0,0.0,0.0
schoenbornstrasse_2025-02-03_2,5.1,2.3,2.9
spiegelstrasse_2025-02-03_3,0.0,0.0,0.0
schoenbornstrasse_2025-02-03_3,3.4,2.0,2.3
kaiserstrasse_2025-02-03_3,7.3,2.3,5.6
schoenbornstrasse_2025-02-03_4,3.8,1.6,2.5
kaiserstrasse_2025-02-03_4,7.0,2.3,5.7
spiegelstrasse_2025-02-03_4,0.0,1.8,0.0
schoenbornstrasse_2025-02-03_5,22.7,12.1,9.5
kaiserstrasse_2025-02-03_5,37.3,16.0,21.6
spiegelstrasse_2025-02-03_5,32.8,28.0,5.3
schoenbornstrasse_2025-02-03_6,73.0,43.4,32.7
spiegelstrasse_2025-02-03_6,133.6,86.2,36.7
kaiserstrasse_2025-02-03_6,165.8,80.6,79.4
spiegelstrasse_2025-02-03_7,372.6,217.4,143.6
kaiserstrasse_2025-02-03_7,565.4,384.4,178.9
schoenbornstrasse_2025-02-03_7,232.9,148.0,85.7
spiegelstrasse_2025-02-03_8,396.2,256.2,169.5
kaiserstrasse_2025-02-03_8,553.8,347.0,228.6
schoenbornstrasse_2025-02-03_8,358.2,167.0,189.6
spiegelstrasse_2025-02-03_9,480.5,275.4,207.1
kaiserstrasse_2025-02-03_9,605.6,309.9,298.9
schoenbornstrasse_2025-02-03_9,613.2,277.5,337.9
spiegelstrasse_2025-02-03_10,713.6,441.7,280.7
kaiserstrasse_2025-02-03_10,1109.1,594.5,532.0
schoenbornstrasse_2025-02-03_10,1069.0,482.2,613.2
spiegelstrasse_2025-02-03_11,840.7,505.2,359.4
schoenbornstrasse_2025-02-03_11,1488.9,676.1,769.0
kaiserstrasse_2025-02-03_11,1351.5,693.4,606.5
schoenbornstrasse_2025-02-03_12,1819.0,822.6,943.5
spiegelstrasse_2025-02-03_12,1118.6,641.3,509.7
kaiserstrasse_2025-02-03_12,1738.6,819.7,858.8
schoenbornstrasse_2025-02-03_13,1892.3,832.1,1030.2
spiegelstrasse_2025-02-03_13,1162.3,631.8,571.8
kaiserstrasse_2025-02-03_13,1795.1,830.8,942.9
schoenbornstrasse_2025-02-03_14,1846.2,841.0,987.3
spiegelstrasse_2025-02-03_14,1011.7,561.0,479.5
kaiserstrasse_2025-02-03_14,1707.8,797.6,878.7
schoenbornstrasse_2025-02-03_15,1897.9,880.9,1006.8
spiegelstrasse_2025-02-03_15,1022.1,579.3,480.6
kaiserstrasse_2025-02-03_15,1747.9,826.2,895.7
spiegelstrasse_2025-02-03_16,1040.7,563.6,501.6
kaiserstrasse_2025-02-03_16,1858.6,814.1,984.3
schoenbornstrasse_2025-02-03_16,1959.9,875.5,1056.5
kaiserstrasse_2025-02-03_17,1803.7,843.6,925.3
schoenbornstrasse_2025-02-03_17,1784.3,814.2,955.8
spiegelstrasse_2025-02-03_17,1050.5,575.9,511.8
kaiserstrasse_2025-02-03_18,1368.5,637.5,659.0
schoenbornstrasse_2025-02-03_18,1105.0,483.1,584.2
spiegelstrasse_2025-02-03_18,612.7,308.2,302.3
kaiserstrasse_2025-02-03_19,675.3,328.5,411.4
schoenbornstrasse_2025-02-03_19,541.4,259.6,320.2
spiegelstrasse_2025-02-03_19,331.1,175.3,181.7
kaiserstrasse_2025-02-03_20,329.8,162.1,172.2
schoenbornstrasse_2025-02-03_20,263.0,149.6,132.8
spiegelstrasse_2025-02-03_20,240.3,139.0,112.2
schoenbornstrasse_2025-02-03_21,163.5,91.2,79.1
spiegelstrasse_2025-02-03_21,141.9,82.5,61.8
kaiserstrasse_2025-02-03_21,217.5,95.4,114.6
spiegelstrasse_2025-02-03_22,76.7,44.6,31.1
schoenbornstrasse_2025-02-03_22,102.1,51.5,50.4
kaiserstrasse_2025-02-03_22,129.8,54.7,74.8
spiegelstrasse_2025-02-03_23,32.2,23.3,11.6
schoenbornstrasse_2025-02-03_23,51.6,27.8,28.3
kaiserstrasse_2025-02-03_23,56.6,29.7,35.0
schoenbornstrasse_2025-02-04_0,34.6,20.2,17.7
kaiserstrasse_2025-02-04_0,38.6,20.5,22.4
spiegelstrasse_2025-02-04_0,25.4,16.3,11.3
kaiserstrasse_2025-02-04_1,16.7,11.0,8.9
spiegelstrasse_2025-02-04_1,7.4,6.6,1.6
schoenbornstrasse_2025-02-04_1,15.9,10.6,7.3
kaiserstrasse_2025-02-04_2,13.1,4.9,7.6
spiegelstrasse_2025-02-04_2,1.5,1.2,0.0
schoenbornstrasse_2025-02-04_2,10.1,4.8,4.4
kaiserstrasse_2025-02-04_3,13.1,4.9,7.6
schoenbornstrasse_2025-02-04_3,9.2,4.7,4.3
spiegelstrasse_2025-02-04_3,2.3,1.2,0.0
schoenbornstrasse_2025-02-04_4,10.2,4.1,6.4
spiegelstrasse_2025-02-04_4,4.6,4.1,0.0
kaiserstrasse_2025-02-04_4,13.4,4.6,9.6
schoenbornstrasse_2025-02-04_5,25.9,13.0,14.0
spiegelstrasse_2025-02-04_5,35.6,28.9,8.0
kaiserstrasse_2025-02-04_5,40.6,16.8,25.7
schoenbornstrasse_2025-02-04_6,84.7,45.6,38.9
spiegelstrasse_2025-02-04_6,144.1,89.2,41.1
kaiserstrasse_2025-02-04_6,177.0,82.9,87.1
schoenbornstrasse_2025-02-04_7,235.4,145.2,90.3
spiegelstrasse_2025-02-04_7,378.8,216.8,147.5
kaiserstrasse_2025-02-04_7,577.7,379.9,188.5
schoenbornstrasse_2025-02-04_8,359.3,167.2,196.9
kaiserstrasse_2025-02-04_8,566.2,344.5,238.5
spiegelstrasse_2025-02-04_8,401.4,257.6,174.0
kaiserstrasse_2025-02-04_9,605.4,305.4,303.4
schoenbornstrasse_2025-02-04_9,610.7,275.8,341.8
spiegelstrasse_2025-02-04_9,475.3,273.9,206.5
kaiserstrasse_2025-02-04_10,1151.1,607.0,558.8
schoenbornstrasse_2025-02-04_10,1059.1,456.8,644.3
spiegelstrasse_2025-02-04_10,724.3,449.0,297.2
kaiserstrasse_2025-02-04_11,1281.8,676.1,580.8
schoenbornstrasse_2025-02-04_11,1412.2,639.3,751.2
spiegelstrasse_2025-02-04_11,811.0,503.2,347.1
kaiserstrasse_2025-02-04_12,1652.3,793.5,840.7
schoenbornstrasse_2025-02-04_12,1776.1,792.8,953.7
spiegelstrasse_2025-02-04_12,1085.1,643.6,503.5
schoenbornstrasse_2025-02-04_13,1842.9,794.0,1023.9
spiegelstrasse_2025-02-04_13,1112.4,619.2,551.8
kaiserstrasse_2025-02-04_13,1690.8,791.3,909.3
spiegelstrasse_2025-02-04_14,910.9,508.3,457.4
kaiserstrasse_2025-02-04_14,1549.1,712.5,835.7
schoenbornstrasse_2025-02-04_14,1664.4,705.5,955.5
spiegelstrasse_2025-02-04_15,994.7,546.1,472.5
kaiserstrasse_2025-02-04_15,1668.9,761.0,862.7
schoenbornstrasse_2025-02-04_15,1831.3,795.7,994.8
spiegelstrasse_2025-02-04_16,1008.3,551.0,481.5
kaiserstrasse_2025-02-04_16,1773.7,776.8,948.0
schoenbornstrasse_2025-02-04_16,1841.7,805.0,1017.6
spiegelstrasse_2025-02-04_17,1001.5,571.8,492.3
kaiserstrasse_2025-02-04_17,1699.3,810.9,895.8
schoenbornstrasse_2025-02-04_17,1686.6,767.1,947.2
spiegelstrasse_2025-02-04_18,615.6,314.4,300.3
schoenbornstrasse_2025-02-04_18,1019.8,425.1,577.5
kaiserstrasse_2025-02-04_18,1283.8,620.3,619.6
schoenbornstrasse_2025-02-04_19,493.2,263.2,299.0
kaiserstrasse_2025-02-04_19,667.5,339.5,388.9
spiegelstrasse_2025-02-04_19,334.8,194.3,183.4
schoenbornstrasse_2025-02-04_20,267.1,148.7,137.5
kaiserstrasse_2025-02-04_20,333.8,160.9,177.0
spiegelstrasse_2025-02-04_20,243.6,139.4,119.5
kaiserstrasse_2025-02-04_21,225.3,95.5,119.6
spiegelstrasse_2025-02-04_21,149.5,84.1,68.9
schoenbornstrasse_2025-02-04_21,171.5,91.5,84.0
spiegelstrasse_2025-02-04_22,87.5,47.3,34.2
schoenbornstrasse_2025-02-04_22,113.5,54.3,52.9
kaiserstrasse_2025-02-04_22,141.1,57.3,77.3
spiegelstrasse_2025-02-04_23,48.3,33.6,17.3
schoenbornstrasse_2025-02-04_23,67.9,37.9,33.2
kaiserstrasse_2025-02-04_23,72.9,39.5,39.7
spiegelstrasse_2025-02-05_0,25.1,13.4,12.1
kaiserstrasse_2025-02-05_0,37.8,18.0,23.0
schoenbornstrasse_2025-02-05_0,34.7,18.7,19.2
kaiserstrasse_2025-02-05_1,15.3,8.0,9.4
schoenbornstrasse_2025-02-05_1,15.3,8.5,8.4
spiegelstrasse_2025-02-05_1,6.2,3.2,2.5
kaiserstrasse_2025-02-05_2,11.5,4.2,7.6
schoenbornstrasse_2025-02-05_2,8.8,4.1,4.7
spiegelstrasse_2025-02-05_2,1.1,0.6,0.0
kaiserstrasse_2025-02-05_3,11.5,4.2,7.6
schoenbornstrasse_2025-02-05_3,8.8,4.0,4.7
spiegelstrasse_2025-02-05_3,1.1,0.6,0.0
kaiserstrasse_2025-02-05_4,12.0,3.3,7.9
schoenbornstrasse_2025-02-05_4,9.2,2.8,5.1
spiegelstrasse_2025-02-05_4,4.1,2.8,0.0
kaiserstrasse_2025-02-05_5,38.5,14.9,21.8
spiegelstrasse_2025-02-05_5,33.7,27.1,5.8
schoenbornstrasse_2025-02-05_5,23.9,11.2,10.1
spiegelstrasse_2025-02-05_6,130.2,85.0,36.9
kaiserstrasse_2025-02-05_6,162.7,78.3,79.8
schoenbornstrasse_2025-02-05_6,70.1,40.7,32.1
spiegelstrasse_2025-02-05_7,365.8,208.6,142.6
kaiserstrasse_2025-02-05_7,552.2,367.1,180.3
schoenbornstrasse_2025-02-05_7,220.1,137.3,82.6
spiegelstrasse_2025-02-05_8,389.4,246.4,167.9
kaiserstrasse_2025-02-05_8,542.8,329.1,232.1
schoenbornstrasse_2025-02-05_8,346.0,156.3,187.7
spiegelstrasse_2025-02-05_9,442.7,260.3,195.4
kaiserstrasse_2025-02-05_9,557.0,284.6,283.3
schoenbornstrasse_2025-02-05_9,566.7,257.5,325.9
kaiserstrasse_2025-02-05_10,944.3,525.2,472.7
schoenbornstrasse_2025-02-05_10,945.7,408.0,578.8
spiegelstrasse_2025-02-05_10,584.9,385.7,237.0
schoenbornstrasse_2025-02-05_11,1352.7,606.7,733.0
spiegelstrasse_2025-02-05_11,718.0,459.2,314.2
kaiserstrasse_2025-02-05_11,1189.4,623.3,553.8
schoenbornstrasse_2025-02-05_12,1772.3,836.6,943.1
spiegelstrasse_2025-02-05_12,1040.9,649.3,483.7
kaiserstrasse_2025-02-05_12,1631.7,808.5,823.1
schoenbornstrasse_2025-02-05_13,1877.4,846.0,1031.8
spiegelstrasse_2025-02-05_13,1104.0,644.1,538.4
kaiserstrasse_2025-02-05_13,1703.8,819.4,899.5
schoenbornstrasse_2025-02-05_14,1700.5,767.9,958.5
spiegelstrasse_2025-02-05_14,876.9,523.4,428.6
kaiserstrasse_2025-02-05_14,1530.5,736.7,805.3
spiegelstrasse_2025-02-05_15,666.4,401.9,355.1
kaiserstrasse_2025-02-05_15,1443.9,672.2,785.8
schoenbornstrasse_2025-02-05_15,1334.7,571.7,777.4
kaiserstrasse_2025-02-05_16,1674.6,774.0,935.1
spiegelstrasse_2025-02-05_16,908.1,547.5,435.5
schoenbornstrasse_2025-02-05_16,1790.6,815.9,1012.3
kaiserstrasse_2025-02-05_17,1638.2,777.6,869.7
spiegelstrasse_2025-02-05_17,898.8,528.5,447.9
schoenbornstrasse_2025-02-05_17,1692.7,778.6,945.8
spiegelstrasse_2025-02-05_18,561.5,313.5,297.2
schoenbornstrasse_2025-02-05_18,1116.3,495.1,626.2
kaiserstrasse_2025-02-05_18,1265.3,614.9,625.7
schoenbornstrasse_2025-02-05_19,670.2,361.4,389.7
kaiserstrasse_2025-02-05_19,790.6,403.3,450.1
spiegelstrasse_2025-02-05_19,368.8,216.4,194.7
schoenbornstrasse_2025-02-05_20,290.5,159.2,154.7
kaiserstrasse_2025-02-05_20,356.5,165.1,194.6
spiegelstrasse_2025-02-05_20,257.1,146.9,125.7
schoenbornstrasse_2025-02-05_21,194.4,103.3,99.9
spiegelstrasse_2025-02-05_21,169.5,93.0,75.3
kaiserstrasse_2025-02-05_21,246.6,104.8,139.5
spiegelstrasse_2025-02-05_22,101.5,49.1,45.2
kaiserstrasse_2025-02-05_22,157.2,60.6,99.7
schoenbornstrasse_2025-02-05_22,137.9,60.6,70.1
spiegelstrasse_2025-02-05_23,48.4,27.1,21.8
kaiserstrasse_2025-02-05_23,76.9,34.2,50.4
schoenbornstrasse_2025-02-05_23,74.8,34.3,42.3
spiegelstrasse_2025-02-06_0,27.1,11.8,15.0
kaiserstrasse_2025-02-06_0,41.2,16.5,26.8
schoenbornstrasse_2025-02-06_0,37.5,17.1,22.6
spiegelstrasse_2025-02-06_1,8.3,2.5,4.9
kaiserstrasse_2025-02-06_1,18.5,7.3,12.0
schoenbornstrasse_2025-02-06_1,17.8,7.9,10.6
spiegelstrasse_2025-02-06_2,2.3,0.0,2.4
schoenbornstrasse_2025-02-06_2,11.4,3.4,7.8
kaiserstrasse_2025-02-06_2,14.6,3.5,11.0
schoenbornstrasse_2025-02-06_3,11.4,3.3,7.8
spiegelstrasse_2025-02-06_3,3.1,0.0,2.5
kaiserstrasse_2025-02-06_3,14.6,3.5,11.0
schoenbornstrasse_2025-02-06_4,11.4,2.8,7.8
spiegelstrasse_2025-02-06_4,5.3,2.9,2.4
kaiserstrasse_2025-02-06_4,14.8,3.3,11.0
schoenbornstrasse_2025-02-06_5,28.1,11.6,13.2
spiegelstrasse_2025-02-06_5,36.2,26.1,8.8
kaiserstrasse_2025-02-06_5,43.0,14.9,25.7
schoenbornstrasse_2025-02-06_6,83.8,45.5,36.6
spiegelstrasse_2025-02-06_6,143.8,87.8,40.5
kaiserstrasse_2025-02-06_6,177.2,82.3,84.8
spiegelstrasse_2025-02-06_7,381.6,218.5,147.6
kaiserstrasse_2025-02-06_7,573.6,374.3,187.6
schoenbornstrasse_2025-02-06_7,237.0,149.9,88.6
kaiserstrasse_2025-02-06_8,564.1,341.1,241.9
schoenbornstrasse_2025-02-06_8,368.1,170.4,196.2
spiegelstrasse_2025-02-06_8,408.2,258.7,175.0
kaiserstrasse_2025-02-06_9,608.6,307.6,305.3
schoenbornstrasse_2025-02-06_9,622.1,282.8,344.6
spiegelstrasse_2025-02-06_9,482.7,278.8,211.6
kaiserstrasse_2025-02-06_10,1132.6,620.7,537.8
schoenbornstrasse_2025-02-06_10,1137.8,525.4,632.9
spiegelstrasse_2025-02-06_10,739.3,468.2,286.4
kaiserstrasse_2025-02-06_11,1394.6,731.3,640.7
schoenbornstrasse_2025-02-06_11,1527.2,732.1,806.4
spiegelstrasse_2025-02-06_11,905.3,558.5,385.7
schoenbornstrasse_2025-02-06_12,1908.8,890.6,1005.1
spiegelstrasse_2025-02-06_12,1196.7,701.8,539.1
kaiserstrasse_2025-02-06_12,1809.3,871.2,896.2
spiegelstrasse_2025-02-06_13,1241.4,691.7,587.9
schoenbornstrasse_2025-02-06_13,1993.1,900.5,1082.8
kaiserstrasse_2025-02-06_13,1866.3,878.2,966.4
spiegelstrasse_2025-02-06_14,1089.0,605.4,523.5
schoenbornstrasse_2025-02-06_14,1954.5,881.2,1071.2
kaiserstrasse_2025-02-06_14,1775.4,829.9,924.4
schoenbornstrasse_2025-02-06_15,2025.9,928.5,1091.6
kaiserstrasse_2025-02-06_15,1836.4,858.4,957.4
spiegelstrasse_2025-02-06_15,1105.7,618.2,535.0
kaiserstrasse_2025-02-06_16,1932.2,874.3,1056.5
spiegelstrasse_2025-02-06_16,1128.6,628.7,543.1
schoenbornstrasse_2025-02-06_16,2051.1,942.7,1119.7
kaiserstrasse_2025-02-06_17,1811.4,840.5,945.2
spiegelstrasse_2025-02-06_17,1042.2,579.6,497.5
schoenbornstrasse_2025-02-06_17,1889.1,862.6,1009.4
kaiserstrasse_2025-02-06_18,1435.2,675.4,704.9
schoenbornstrasse_2025-02-06_18,1312.2,572.4,701.9
spiegelstrasse_2025-02-06_18,705.8,362.1,344.5
schoenbornstrasse_2025-02-06_19,766.7,389.0,424.3
spiegelstrasse_2025-02-06_19,411.6,224.5,209.5
kaiserstrasse_2025-02-06_19,844.2,412.3,476.1
schoenbornstrasse_2025-02-06_20,323.9,168.6,162.2
spiegelstrasse_2025-02-06_20,280.3,153.5,131.2
kaiserstrasse_2025-02-06_20,386.6,174.2,204.2
schoenbornstrasse_2025-02-06_21,216.3,110.5,108.6
spiegelstrasse_2025-02-06_21,181.2,99.0,82.1
kaiserstrasse_2025-02-06_21,261.9,111.7,149.5
schoenbornstrasse_2025-02-06_22,146.0,66.6,74.6
spiegelstrasse_2025-02-06_22,107.7,53.8,49.4
kaiserstrasse_2025-02-06_22,167.4,66.6,105.7
schoenbornstrasse_2025-02-06_23,83.5,37.4,47.0
kaiserstrasse_2025-02-06_23,87.9,36.9,56.4
spiegelstrasse_2025-02-06_23,55.0,29.3,26.5
kaiserstrasse_2025-02-07_0,55.2,21.4,32.1
spiegelstrasse_2025-02-07_0,30.6,16.4,16.9
schoenbornstrasse_2025-02-07_0,46.5,21.6,25.9
kaiserstrasse_2025-02-07_1,27.4,13.1,15.0
spiegelstrasse_2025-02-07_1,10.3,6.2,5.5
schoenbornstrasse_2025-02-07_1,22.7,13.2,12.9
spiegelstrasse_2025-02-07_2,5.5,4.1,3.2
schoenbornstrasse_2025-02-07_2,14.5,8.8,9.7
kaiserstrasse_2025-02-07_2,21.4,9.4,13.7
schoenbornstrasse_2025-02-07_3,17.9,11.7,11.0
kaiserstrasse_2025-02-07_3,24.0,12.4,14.9
spiegelstrasse_2025-02-07_3,8.0,7.8,4.2
schoenbornstrasse_2025-02-07_4,17.9,11.3,11.0
kaiserstrasse_2025-02-07_4,24.2,12.4,14.9
spiegelstrasse_2025-02-07_4,10.2,11.1,4.1
schoenbornstrasse_2025-02-07_5,30.9,17.2,16.5
spiegelstrasse_2025-02-07_5,34.7,25.4,10.4
kaiserstrasse_2025-02-07_5,44.7,19.5,30.0
spiegelstrasse_2025-02-07_6,142.4,91.8,38.8
kaiserstrasse_2025-02-07_6,163.4,83.6,80.6
schoenbornstrasse_2025-02-07_6,86.7,51.8,39.1
spiegelstrasse_2025-02-07_7,383.7,229.5,149.1
kaiserstrasse_2025-02-07_7,569.7,374.5,191.7
schoenbornstrasse_2025-02-07_7,247.3,159.4,92.9
spiegelstrasse_2025-02-07_8,422.4,265.1,178.5
kaiserstrasse_2025-02-07_8,571.6,336.5,250.0
schoenbornstrasse_2025-02-07_8,386.2,176.6,200.1
spiegelstrasse_2025-02-07_9,513.0,284.0,218.1
kaiserstrasse_2025-02-07_9,636.5,312.5,316.1
schoenbornstrasse_2025-02-07_9,658.7,290.7,364.4
kaiserstrasse_2025-02-07_10,1215.5,671.7,581.5
schoenbornstrasse_2025-02-07_10,1315.9,640.1,691.3
spiegelstrasse_2025-02-07_10,833.5,527.5,324.7
schoenbornstrasse_2025-02-07_11,1801.8,881.5,920.0
kaiserstrasse_2025-02-07_11,1507.5,791.8,688.1
spiegelstrasse_2025-02-07_11,980.0,610.3,421.6
schoenbornstrasse_2025-02-07_12,2075.9,1003.3,1084.1
kaiserstrasse_2025-02-07_12,1898.7,939.2,934.4
spiegelstrasse_2025-02-07_12,1214.5,701.4,559.0
kaiserstrasse_2025-02-07_13,2081.3,983.1,1058.1
spiegelstrasse_2025-02-07_13,1326.1,720.7,638.2
schoenbornstrasse_2025-02-07_13,2355.8,1077.9,1287.8
spiegelstrasse_2025-02-07_14,1208.6,650.8,569.8
schoenbornstrasse_2025-02-07_14,2307.4,1052.9,1242.6
kaiserstrasse_2025-02-07_14,2010.0,947.6,1006.2
spiegelstrasse_2025-02-07_15,1204.5,652.9,582.4
schoenbornstrasse_2025-02-07_15,2409.7,1119.7,1286.8
kaiserstrasse_2025-02-07_15,2049.3,972.7,1035.3
spiegelstrasse_2025-02-07_16,1293.5,689.0,597.0
kaiserstrasse_2025-02-07_16,2214.3,1017.4,1129.2
schoenbornstrasse_2025-02-07_16,2583.8,1200.4,1362.9
kaiserstrasse_2025-02-07_17,2091.7,1002.2,1066.2
schoenbornstrasse_2025-02-07_17,2356.1,1080.2,1285.7
spiegelstrasse_2025-02-07_17,1236.5,660.8,606.5
kaiserstrasse_2025-02-07_18,1803.9,871.3,860.6
schoenbornstrasse_2025-02-07_18,1787.9,787.0,955.5
spiegelstrasse_2025-02-07_18,837.5,419.8,415.9
kaiserstrasse_2025-02-07_19,1249.9,580.6,666.8
schoenbornstrasse_2025-02-07_19,1188.0,565.5,613.5
spiegelstrasse_2025-02-07_19,585.3,280.7,296.1
kaiserstrasse_2025-02-07_20,546.7,246.2,292.0
schoenbornstrasse_2025-02-07_20,487.8,246.8,242.2
spiegelstrasse_2025-02-07_20,392.6,195.2,188.5
kaiserstrasse_2025-02-07_21,405.1,172.2,234.6
spiegelstrasse_2025-02-07_21,295.7,146.7,127.6
schoenbornstrasse_2025-02-07_21,357.0,173.0,178.9
spiegelstrasse_2025-02-07_22,216.3,114.6,95.7
kaiserstrasse_2025-02-07_22,334.7,138.6,189.6
schoenbornstrasse_2025-02-07_22,300.2,140.6,142.7
spiegelstrasse_2025-02-07_23,144.6,81.9,68.8
kaiserstrasse_2025-02-07_23,210.7,96.1,130.9
schoenbornstrasse_2025-02-07_23,201.6,97.0,108.3
spiegelstrasse_2025-02-08_0,73.6,39.4,39.9
kaiserstrasse_2025-02-08_0,147.0,53.8,99.0
schoenbornstrasse_2025-02-08_0,133.0,54.7,72.8
spiegelstrasse_2025-02-08_1,40.7,15.9,26.2
kaiserstrasse_2025-02-08_1,81.4,36.7,46.3
schoenbornstrasse_2025-02-08_1,77.5,36.9,42.5
kaiserstrasse_2025-02-08_2,53.9,21.5,34.6
schoenbornstrasse_2025-02-08_2,46.6,20.9,26.4
spiegelstrasse_2025-02-08_2,19.8,10.2,12.1
schoenbornstrasse_2025-02-08_3,36.0,15.4,22.8
spiegelstrasse_2025-02-08_3,14.2,8.9,10.5
kaiserstrasse_2025-02-08_3,44.6,16.1,32.6
schoenbornstrasse_2025-02-08_4,32.5,12.6,22.8
spiegelstrasse_2025-02-08_4,12.8,6.9,10.2
kaiserstrasse_2025-02-08_4,41.5,13.7,34.1
schoenbornstrasse_2025-02-08_5,30.6,12.4,21.8
spiegelstrasse_2025-02-08_5,15.6,12.0,10.2
kaiserstrasse_2025-02-08_5,42.5,14.2,34.4
schoenbornstrasse_2025-02-08_6,41.2,18.1,19.3
spiegelstrasse_2025-02-08_6,49.9,30.9,14.3
kaiserstrasse_2025-02-08_6,72.6,29.7,41.0
schoenbornstrasse_2025-02-08_7,72.7,38.2,28.4
kaiserstrasse_2025-02-08_7,136.6,71.5,68.4
spiegelstrasse_2025-02-08_7,88.3,75.2,24.2
kaiserstrasse_2025-02-08_8,321.1,160.0,166.6
spiegelstrasse_2025-02-08_8,247.7,146.2,103.9
schoenbornstrasse_2025-02-08_8,236.8,104.4,123.7
kaiserstrasse_2025-02-08_9,541.3,242.3,273.4
spiegelstrasse_2025-02-08_9,432.0,236.5,157.6
schoenbornstrasse_2025-02-08_9,566.0,235.1,328.5
spiegelstrasse_2025-02-08_10,835.7,519.2,301.7
schoenbornstrasse_2025-02-08_10,1438.3,655.6,775.5
kaiserstrasse_2025-02-08_10,1179.4,645.8,536.9
schoenbornstrasse_2025-02-08_11,2479.4,1229.4,1221.5
kaiserstrasse_2025-02-08_11,1720.9,963.8,729.5
spiegelstrasse_2025-02-08_11,1233.1,724.8,474.8
schoenbornstrasse_2025-02-08_12,3575.2,1724.1,1757.9
kaiserstrasse_2025-02-08_12,2236.0,1233.3,1088.1
spiegelstrasse_2025-02-08_12,1520.4,847.3,694.0
schoenbornstrasse_2025-02-08_13,4005.4,1879.9,2048.6
spiegelstrasse_2025-02-08_13,1644.4,922.7,812.6
kaiserstrasse_2025-02-08_13,2595.0,1323.1,1301.6
spiegelstrasse_2025-02-08_14,1771.2,994.9,853.3
kaiserstrasse_2025-02-08_14,2858.5,1438.8,1461.5
schoenbornstrasse_2025-02-08_14,4389.7,2092.2,2193.3
spiegelstrasse_2025-02-08_15,1758.5,953.2,882.5
kaiserstrasse_2025-02-08_15,2888.7,1432.7,1531.6
schoenbornstrasse_2025-02-08_15,4511.8,2115.6,2317.8
spiegelstrasse_2025-02-08_16,1664.0,895.2,842.4
kaiserstrasse_2025-02-08_16,2890.1,1418.6,1579.6
schoenbornstrasse_2025-02-08_16,4447.1,2098.2,2308.1
spiegelstrasse_2025-02-08_17,1385.8,695.2,729.4
kaiserstrasse_2025-02-08_17,2674.9,1271.2,1467.9
schoenbornstrasse_2025-02-08_17,3854.0,1782.5,2051.4
spiegelstrasse_2025-02-08_18,888.2,426.0,484.2
schoenbornstrasse_2025-02-08_18,2651.1,1184.9,1387.9
kaiserstrasse_2025-02-08_18,2107.2,983.3,1152.1
schoenbornstrasse_2025-02-08_19,1473.1,751.5,758.6
spiegelstrasse_2025-02-08_19,582.4,295.3,325.6
kaiserstrasse_2025-02-08_19,1428.5,669.9,793.2
schoenbornstrasse_2025-02-08_20,575.7,299.8,291.8
spiegelstrasse_2025-02-08_20,433.3,228.0,222.9
kaiserstrasse_2025-02-08_20,635.2,295.4,348.6
schoenbornstrasse_2025-02-08_21,413.6,207.1,214.9
spiegelstrasse_2025-02-08_21,292.9,168.9,148.6
kaiserstrasse_2025-02-08_21,467.2,202.4,285.2
schoenbornstrasse_2025-02-08_22,345.5,163.9,176.1
spiegelstrasse_2025-02-08_22,212.9,123.1,109.2
kaiserstrasse_2025-02-08_22,378.9,160.3,241.7
spiegelstrasse_2025-02-08_23,133.4,76.0,61.4
kaiserstrasse_2025-02-08_23,239.6,99.9,151.9
schoenbornstrasse_2025-02-08_23,225.7,102.6,117.3
kaiserstrasse_2025-02-09_0,174.9,61.1,117.7
schoenbornstrasse_2025-02-09_0,149.9,61.6,78.1
spiegelstrasse_2025-02-09_0,83.5,44.2,42.8
kaiserstrasse_2025-02-09_1,107.4,45.8,56.2
schoenbornstrasse_2025-02-09_1,95.5,44.9,47.0
spiegelstrasse_2025-02-09_1,48.8,18.5,29.0
kaiserstrasse_2025-02-09_2,71.7,28.2,42.4
schoenbornstrasse_2025-02-09_2,60.2,27.7,30.6
spiegelstrasse_2025-02-09_2,26.6,10.8,15.0
kaiserstrasse_2025-02-09_3,62.6,22.0,39.0
schoenbornstrasse_2025-02-09_3,49.2,21.6,25.6
spiegelstrasse_2025-02-09_3,20.0,10.0,12.6
schoenbornstrasse_2025-02-09_4,41.4,17.5,24.6
spiegelstrasse_2025-02-09_4,14.8,7.7,11.3
kaiserstrasse_2025-02-09_4,55.4,18.4,38.0
spiegelstrasse_2025-02-09_5,18.2,8.5,11.2
schoenbornstrasse_2025-02-09_5,36.7,15.0,23.2
kaiserstrasse_2025-02-09_5,51.6,17.0,37.5
spiegelstrasse_2025-02-09_6,35.3,20.3,9.6
schoenbornstrasse_2025-02-09_6,25.4,14.2,13.5
kaiserstrasse_2025-02-09_6,52.9,25.0,34.4
schoenbornstrasse_2025-02-09_7,25.6,4.3,13.1
kaiserstrasse_2025-02-09_7,72.1,16.3,35.9
spiegelstrasse_2025-02-09_7,34.3,21.0,10.7
kaiserstrasse_2025-02-09_8,127.9,43.0,62.4
spiegelstrasse_2025-02-09_8,95.4,54.0,34.7
schoenbornstrasse_2025-02-09_8,84.1,34.1,46.7
kaiserstrasse_2025-02-09_9,155.2,73.8,88.4
spiegelstrasse_2025-02-09_9,145.1,83.5,62.2
schoenbornstrasse_2025-02-09_9,160.6,67.4,100.1
kaiserstrasse_2025-02-09_10,253.2,127.6,133.9
schoenbornstrasse_2025-02-09_10,206.4,105.3,91.9
spiegelstrasse_2025-02-09_10,230.1,126.7,96.1
schoenbornstrasse_2025-02-09_11,411.4,227.1,196.4
spiegelstrasse_2025-02-09_11,358.8,210.9,156.9
kaiserstrasse_2025-02-09_11,399.3,218.5,189.0
schoenbornstrasse_2025-02-09_12,545.4,256.0,277.0
spiegelstrasse_2025-02-09_12,476.2,260.0,214.7
kaiserstrasse_2025-02-09_12,478.0,252.5,242.1
schoenbornstrasse_2025-02-09_13,682.2,307.9,366.3
spiegelstrasse_2025-02-09_13,576.5,297.7,275.2
kaiserstrasse_2025-02-09_13,581.6,290.6,322.8
schoenbornstrasse_2025-02-09_14,840.5,370.6,420.4
spiegelstrasse_2025-02-09_14,696.3,339.1,314.7
kaiserstrasse_2025-02-09_14,706.8,332.3,364.0
schoenbornstrasse_2025-02-09_15,847.9,383.1,448.0
kaiserstrasse_2025-02-09_15,711.8,335.9,385.6
spiegelstrasse_2025-02-09_15,692.0,342.6,327.8
kaiserstrasse_2025-02-09_16,732.9,334.3,417.3
schoenbornstrasse_2025-02-09_16,845.3,376.8,453.9
spiegelstrasse_2025-02-09_16,692.9,333.4,323.3
kaiserstrasse_2025-02-09_17,701.3,326.4,409.6
schoenbornstrasse_2025-02-09_17,779.9,337.6,440.9
spiegelstrasse_2025-02-09_17,663.8,318.7,335.9
kaiserstrasse_2025-02-09_18,459.8,211.0,257.5
schoenbornstrasse_2025-02-09_18,256.6,100.3,166.5
spiegelstrasse_2025-02-09_18,240.9,128.6,122.6
kaiserstrasse_2025-02-09_19,431.5,206.6,256.2
schoenbornstrasse_2025-02-09_19,298.5,137.3,174.3
spiegelstrasse_2025-02-09_19,251.0,125.9,125.6
spiegelstrasse_2025-02-09_20,201.9,114.8,83.4
kaiserstrasse_2025-02-09_20,301.7,155.1,140.8
schoenbornstrasse_2025-02-09_20,240.7,131.5,108.4
spiegelstrasse_2025-02-09_21,130.2,81.9,51.0
kaiserstrasse_2025-02-09_21,221.3,109.0,101.4
schoenbornstrasse_2025-02-09_21,162.7,94.0,71.1
schoenbornstrasse_2025-02-09_22,130.2,62.9,58.6
spiegelstrasse_2025-02-09_22,78.8,48.9,31.6
kaiserstrasse_2025-02-09_22,173.9,83.8,82.4
spiegelstrasse_2025-02-09_23,37.0,26.7,14.5
schoenbornstrasse_2025-02-09_23,79.2,38.2,38.7
kaiserstrasse_2025-02-09_23,96.0,46.2,48.4
schoenbornstrasse_2025-02-10_0,32.3,15.3,16.9
kaiserstrasse_2025-02-10_0,36.9,16.1,22.1
spiegelstrasse_2025-02-10_0,21.7,11.6,10.1
schoenbornstrasse_2025-02-10_1,15.1,7.4,8.9
kaiserstrasse_2025-02-10_1,16.6,8.0,11.0
spiegelstrasse_2025-02-10_1,5.6,3.4,2.8
schoenbornstrasse_2025-02-10_2,8.9,4.1,5.8
kaiserstrasse_2025-02-10_2,12.6,4.4,9.5
spiegelstrasse_2025-02-10_2,0.3,0.6,0.2
schoenbornstrasse_2025-02-10_3,8.9,4.0,5.8
kaiserstrasse_2025-02-10_3,12.6,4.4,9.5
spiegelstrasse_2025-02-10_3,0.0,0.6,0.0
spiegelstrasse_2025-02-10_4,3.3,4.0,0.2
kaiserstrasse_2025-02-10_4,12.8,4.3,9.5
schoenbornstrasse_2025-02-10_4,8.9,3.6,5.8
spiegelstrasse_2025-02-10_5,36.0,28.6,8.4
schoenbornstrasse_2025-02-10_5,26.9,13.0,12.7
kaiserstrasse_2025-02-10_5,42.1,16.5,25.4
spiegelstrasse_2025-02-10_6,146.0,91.8,41.3
schoenbornstrasse_2025-02-10_6,86.5,49.0,37.6
kaiserstrasse_2025-02-10_6,179.8,86.2,86.2
spiegelstrasse_2025-02-10_7,386.0,225.0,149.7
schoenbornstrasse_2025-02-10_7,247.0,154.4,92.7
kaiserstrasse_2025-02-10_7,586.7,397.5,188.7
kaiserstrasse_2025-02-10_8,576.3,361.8,240.0
spiegelstrasse_2025-02-10_8,415.1,266.2,176.3
schoenbornstrasse_2025-02-10_8,377.1,177.2,198.6
kaiserstrasse_2025-02-10_9,653.9,340.9,325.1
schoenbornstrasse_2025-02-10_9,657.0,311.4,364.4
spiegelstrasse_2025-02-10_9,516.6,303.8,227.8
kaiserstrasse_2025-02-10_10,1223.1,672.1,567.8
spiegelstrasse_2025-02-10_10,810.0,513.7,315.6
schoenbornstrasse_2025-02-10_10,1191.6,578.8,645.2
spiegelstrasse_2025-02-10_11,950.1,583.9,405.6
schoenbornstrasse_2025-02-10_11,1624.0,786.9,828.5
kaiserstrasse_2025-02-10_11,1467.1,779.7,651.0
kaiserstrasse_2025-02-10_12,1913.7,927.9,923.2
schoenbornstrasse_2025-02-10_12,1985.5,930.1,1005.9
spiegelstrasse_2025-02-10_12,1295.7,747.8,575.6
schoenbornstrasse_2025-02-10_13,2160.7,994.6,1135.4
spiegelstrasse_2025-02-10_13,1355.5,733.0,644.8
kaiserstrasse_2025-02-10_13,2009.9,942.2,1024.8
kaiserstrasse_2025-02-10_14,1873.3,860.5,950.4
spiegelstrasse_2025-02-10_14,1159.0,621.7,549.3
schoenbornstrasse_2025-02-10_14,2062.9,945.4,1081.3
spiegelstrasse_2025-02-10_15,1186.2,659.6,570.9
kaiserstrasse_2025-02-10_15,1908.3,898.7,983.2
schoenbornstrasse_2025-02-10_15,2059.1,944.6,1094.4
kaiserstrasse_2025-02-10_16,2001.4,911.8,1084.9
spiegelstrasse_2025-02-10_16,1192.0,673.0,580.4
schoenbornstrasse_2025-02-10_16,2075.3,951.9,1117.9
kaiserstrasse_2025-02-10_17,1894.7,897.3,995.6
spiegelstrasse_2025-02-10_17,1122.1,624.1,557.0
schoenbornstrasse_2025-02-10_17,1894.3,871.6,1023.6
kaiserstrasse_2025-02-10_18,1436.8,687.8,710.5
spiegelstrasse_2025-02-10_18,669.6,354.4,345.5
schoenbornstrasse_2025-02-10_18,1208.9,539.2,635.2
kaiserstrasse_2025-02-10_19,758.1,375.1,444.4
schoenbornstrasse_2025-02-10_19,611.6,302.0,344.9
spiegelstrasse_2025-02-10_19,379.9,208.3,208.3
schoenbornstrasse_2025-02-10_20,280.5,158.8,145.0
kaiserstrasse_2025-02-10_20,350.1,171.1,186.6
spiegelstrasse_2025-02-10_20,254.2,147.7,120.9
schoenbornstrasse_2025-02-10_21,178.9,99.5,90.1
kaiserstrasse_2025-02-10_21,233.4,104.1,126.1
spiegelstrasse_2025-02-10_21,155.2,90.3,69.6
kaiserstrasse_2025-02-10_22,136.0,55.1,80.6
schoenbornstrasse_2025-02-10_22,107.7,52.2,55.5
spiegelstrasse_2025-02-10_22,79.9,43.4,34.7
spiegelstrasse_2025-02-10_23,34.0,22.0,14.6
schoenbornstrasse_2025-02-10_23,55.8,28.4,32.8
kaiserstrasse_2025-02-10_23,61.6,29.9,40.1
spiegelstrasse_2025-02-11_0,26.2,13.7,12.3
schoenbornstrasse_2025-02-11_0,33.1,16.2,17.3
kaiserstrasse_2025-02-11_0,39.2,17.8,23.9
spiegelstrasse_2025-02-11_1,8.1,4.6,3.0
kaiserstrasse_2025-02-11_1,17.6,8.8,10.8
schoenbornstrasse_2025-02-11_1,14.6,7.1,7.3
spiegelstrasse_2025-02-11_2,2.9,1.8,0.8
kaiserstrasse_2025-02-11_2,14.5,5.7,9.5
schoenbornstrasse_2025-02-11_2,10.8,5.6,5.8
kaiserstrasse_2025-02-11_3,14.3,6.2,10.0
spiegelstrasse_2025-02-11_3,3.6,2.7,1.1
schoenbornstrasse_2025-02-11_3,9.0,5.0,5.0
spiegelstrasse_2025-02-11_4,5.0,4.6,1.5
schoenbornstrasse_2025-02-11_4,9.7,4.3,5.5
kaiserstrasse_2025-02-11_4,15.1,5.8,10.6
spiegelstrasse_2025-02-11_5,37.3,29.7,10.1
kaiserstrasse_2025-02-11_5,44.0,18.4,26.6
schoenbornstrasse_2025-02-11_5,26.6,13.5,13.0
kaiserstrasse_2025-02-11_6,180.5,88.3,86.6
schoenbornstrasse_2025-02-11_6,85.2,47.6,37.1
spiegelstrasse_2025-02-11_6,145.2,93.4,42.3
spiegelstrasse_2025-02-11_7,382.7,225.3,149.6
kaiserstrasse_2025-02-11_7,582.5,395.2,188.6
schoenbornstrasse_2025-02-11_7,241.6,156.2,91.0
spiegelstrasse_2025-02-11_8,413.1,268.8,177.1
schoenbornstrasse_2025-02-11_8,373.1,180.3,198.7
kaiserstrasse_2025-02-11_8,576.7,362.5,240.1
kaiserstrasse_2025-02-11_9,613.3,325.2,305.7
spiegelstrasse_2025-02-11_9,486.1,290.9,210.3
schoenbornstrasse_2025-02-11_9,622.2,292.5,344.3
schoenbornstrasse_2025-02-11_10,1153.2,529.6,643.8
kaiserstrasse_2025-02-11_10,1196.9,650.7,559.7
spiegelstrasse_2025-02-11_10,771.0,493.7,305.1
spiegelstrasse_2025-02-11_11,911.5,562.7,382.1
kaiserstrasse_2025-02-11_11,1401.1,745.6,624.8
schoenbornstrasse_2025-02-11_11,1517.9,723.9,775.2
kaiserstrasse_2025-02-11_12,1810.7,875.6,896.6
spiegelstrasse_2025-02-11_12,1220.2,715.6,547.2
schoenbornstrasse_2025-02-11_12,1906.3,881.7,984.6
schoenbornstrasse_2025-02-11_13,1579.5,695.2,865.0
kaiserstrasse_2025-02-11_13,1731.9,811.7,937.4
spiegelstrasse_2025-02-11_13,1044.4,584.4,524.5
spiegelstrasse_2025-02-11_14,1062.0,592.4,515.7
schoenbornstrasse_2025-02-11_14,1904.1,858.4,1023.4
kaiserstrasse_2025-02-11_14,1740.6,811.5,911.9
spiegelstrasse_2025-02-11_15,1062.1,602.3,513.4
schoenbornstrasse_2025-02-11_15,1944.6,884.6,1036.4
kaiserstrasse_2025-02-11_15,1772.6,832.3,929.0
schoenbornstrasse_2025-02-11_16,1962.1,893.7,1054.7
kaiserstrasse_2025-02-11_16,1874.5,852.6,1031.8
spiegelstrasse_2025-02-11_16,1076.1,616.7,517.6
spiegelstrasse_2025-02-11_17,1022.1,588.6,506.0
schoenbornstrasse_2025-02-11_17,1839.2,857.4,982.8
kaiserstrasse_2025-02-11_17,1790.5,845.8,948.8
schoenbornstrasse_2025-02-11_18,1247.9,553.9,656.7
spiegelstrasse_2025-02-11_18,680.5,360.1,344.7
kaiserstrasse_2025-02-11_18,1378.8,670.2,691.6
kaiserstrasse_2025-02-11_19,769.2,393.0,443.9
spiegelstrasse_2025-02-11_19,393.4,230.0,215.7
schoenbornstrasse_2025-02-11_19,673.4,347.1,366.4
kaiserstrasse_2025-02-11_20,372.2,178.7,193.1
schoenbornstrasse_2025-02-11_20,303.3,166.4,151.4
spiegelstrasse_2025-02-11_20,276.5,155.3,126.7
schoenbornstrasse_2025-02-11_21,195.0,106.0,94.4
spiegelstrasse_2025-02-11_21,171.5,96.8,74.0
kaiserstrasse_2025-02-11_21,248.9,110.0,130.6
schoenbornstrasse_2025-02-11_22,121.0,57.6,59.4
spiegelstrasse_2025-02-11_22,93.5,48.0,39.2
kaiserstrasse_2025-02-11_22,148.7,60.0,84.5
spiegelstrasse_2025-02-11_23,47.4,26.8,19.1
kaiserstrasse_2025-02-11_23,73.4,34.3,43.8
schoenbornstrasse_2025-02-11_23,68.3,33.1,36.7
schoenbornstrasse_2025-02-12_0,36.0,18.5,19.4
spiegelstrasse_2025-02-12_0,28.5,14.3,14.0
kaiserstrasse_2025-02-12_0,41.8,18.9,25.6
kaiserstrasse_2025-02-12_1,19.5,10.2,12.5
schoenbornstrasse_2025-02-12_1,18.8,10.8,11.0
spiegelstrasse_2025-02-12_1,9.1,5.2,5.5
kaiserstrasse_2025-02-12_2,16.3,6.4,11.9
schoenbornstrasse_2025-02-12_2,11.0,5.2,7.0
spiegelstrasse_2025-02-12_2,4.4,2.6,3.0
schoenbornstrasse_2025-02-12_3,11.0,5.1,7.0
spiegelstrasse_2025-02-12_3,5.2,2.6,3.2
kaiserstrasse_2025-02-12_3,16.3,6.4,11.9
kaiserstrasse_2025-02-12_4,17.2,6.9,12.7
schoenbornstrasse_2025-02-12_4,13.7,6.4,9.3
spiegelstrasse_2025-02-12_4,7.6,6.5,4.1
kaiserstrasse_2025-02-12_5,43.0,17.4,25.8
spiegelstrasse_2025-02-12_5,36.7,28.6,9.2
schoenbornstrasse_2025-02-12_5,25.8,12.9,11.9
spiegelstrasse_2025-02-12_6,145.5,91.9,41.5
kaiserstrasse_2025-02-12_6,180.4,86.9,86.0
schoenbornstrasse_2025-02-12_6,84.2,46.3,36.2
schoenbornstrasse_2025-02-12_7,220.4,145.3,81.9
kaiserstrasse_2025-02-12_7,581.6,393.9,192.5
spiegelstrasse_2025-02-12_7,384.8,220.3,147.2
spiegelstrasse_2025-02-12_8,418.1,266.6,177.6
kaiserstrasse_2025-02-12_8,576.4,357.8,245.2
schoenbornstrasse_2025-02-12_8,377.4,178.2,200.7
spiegelstrasse_2025-02-12_9,458.9,264.8,182.9
schoenbornstrasse_2025-02-12_9,562.6,258.0,289.2
kaiserstrasse_2025-02-12_9,598.3,311.1,290.3
schoenbornstrasse_2025-02-12_10,906.2,411.9,500.1
kaiserstrasse_2025-02-12_10,1068.5,603.4,529.5
spiegelstrasse_2025-02-12_10,607.2,409.3,243.8
schoenbornstrasse_2025-02-12_11,1258.9,610.3,651.1
kaiserstrasse_2025-02-12_11,1300.0,687.4,611.8
spiegelstrasse_2025-02-12_11,740.4,473.2,317.5
spiegelstrasse_2025-02-12_12,986.6,599.6,469.4
schoenbornstrasse_2025-02-12_12,1557.5,722.9,811.5
kaiserstrasse_2025-02-12_12,1696.4,817.6,872.0
schoenbornstrasse_2025-02-12_13,1592.4,720.6,872.0
kaiserstrasse_2025-02-12_13,1721.1,817.1,933.5
spiegelstrasse_2025-02-12_13,996.8,578.7,516.1
kaiserstrasse_2025-02-12_14,1740.7,827.6,906.3
spiegelstrasse_2025-02-12_14,1048.7,601.2,509.6
schoenbornstrasse_2025-02-12_14,1927.8,882.7,1030.9
schoenbornstrasse_2025-02-12_15,1527.8,696.6,817.8
kaiserstrasse_2025-02-12_15,1581.8,751.5,856.7
spiegelstrasse_2025-02-12_15,776.4,467.0,397.8
schoenbornstrasse_2025-02-12_16,1505.9,681.7,806.9
spiegelstrasse_2025-02-12_16,779.4,476.2,392.1
kaiserstrasse_2025-02-12_16,1664.1,769.9,936.6
schoenbornstrasse_2025-02-12_17,1430.3,653.5,751.6
kaiserstrasse_2025-02-12_17,1628.5,779.4,882.2
spiegelstrasse_2025-02-12_17,775.9,464.0,398.7
schoenbornstrasse_2025-02-12_18,1333.3,604.6,701.9
spiegelstrasse_2025-02-12_18,681.5,379.1,352.8
kaiserstrasse_2025-02-12_18,1428.7,697.0,708.2
schoenbornstrasse_2025-02-12_19,788.4,414.0,437.2
spiegelstrasse_2025-02-12_19,396.6,235.1,218.7
kaiserstrasse_2025-02-12_19,851.3,431.3,485.8
spiegelstrasse_2025-02-12_20,244.0,147.2,110.8
schoenbornstrasse_2025-02-12_20,281.0,158.4,137.2
kaiserstrasse_2025-02-12_20,355.7,171.0,190.9
kaiserstrasse_2025-02-12_21,241.7,112.6,136.5
spiegelstrasse_2025-02-12_21,157.5,93.1,67.2
schoenbornstrasse_2025-02-12_21,185.5,103.9,87.4
kaiserstrasse_2025-02-12_22,148.2,62.5,97.2
spiegelstrasse_2025-02-12_22,85.0,47.1,38.5
schoenbornstrasse_2025-02-12_22,119.7,58.0,60.4
spiegelstrasse_2025-02-12_23,52.3,31.0,26.2
kaiserstrasse_2025-02-12_23,82.2,39.4,56.3
schoenbornstrasse_2025-02-12_23,80.6,39.9,47.6
schoenbornstrasse_2025-02-13_0,34.6,18.6,20.8
spiegelstrasse_2025-02-13_0,27.1,14.6,15.1
kaiserstrasse_2025-02-13_0,40.5,19.3,26.9
schoenbornstrasse_2025-02-13_1,15.1,9.4,10.0
spiegelstrasse_2025-02-13_1,7.1,5.3,5.3
kaiserstrasse_2025-02-13_1,17.9,10.2,13.0
spiegelstrasse_2025-02-13_2,3.1,2.5,4.5
kaiserstrasse_2025-02-13_2,14.7,6.4,13.1
schoenbornstrasse_2025-02-13_2,11.4,6.3,9.7
kaiserstrasse_2025-02-13_3,14.7,6.4,13.1
spiegelstrasse_2025-02-13_3,3.1,2.5,4.5
schoenbornstrasse_2025-02-13_3,11.4,6.2,9.7
kaiserstrasse_2025-02-13_4,14.8,6.2,13.1
spiegelstrasse_2025-02-13_4,5.3,5.8,4.3
schoenbornstrasse_2025-02-13_4,11.4,5.6,9.7
spiegelstrasse_2025-02-13_5,36.2,28.9,10.8
kaiserstrasse_2025-02-13_5,43.0,17.3,27.7
schoenbornstrasse_2025-02-13_5,28.1,14.5,15.2
spiegelstrasse_2025-02-13_6,145.2,92.9,43.6
schoenbornstrasse_2025-02-13_6,84.3,50.2,39.4
kaiserstrasse_2025-02-13_6,177.8,86.9,87.7
schoenbornstrasse_2025-02-13_7,238.7,154.8,92.4
kaiserstrasse_2025-02-13_7,575.2,382.7,191.1
spiegelstrasse_2025-02-13_7,384.0,223.6,150.7
spiegelstrasse_2025-02-13_8,431.5,281.5,186.4
schoenbornstrasse_2025-02-13_8,392.5,193.3,207.7
kaiserstrasse_2025-02-13_8,586.4,362.7,252.3
kaiserstrasse_2025-02-13_9,623.2,327.9,316.7
spiegelstrasse_2025-02-13_9,512.4,303.5,226.4
schoenbornstrasse_2025-02-13_9,634.8,300.5,357.4
kaiserstrasse_2025-02-13_10,1207.6,671.0,573.0
schoenbornstrasse_2025-02-13_10,1268.4,614.4,687.5
spiegelstrasse_2025-02-13_10,809.8,521.2,321.7
spiegelstrasse_2025-02-13_11,954.3,593.4,406.0
schoenbornstrasse_2025-02-13_11,1657.0,809.7,849.6
kaiserstrasse_2025-02-13_11,1451.8,768.3,657.9
schoenbornstrasse_2025-02-13_12,2099.3,986.4,1051.2
kaiserstrasse_2025-02-13_12,1918.5,916.7,916.0
spiegelstrasse_2025-02-13_12,1300.3,744.5,564.3
kaiserstrasse_2025-02-13_13,1879.1,883.0,968.0
schoenbornstrasse_2025-02-13_13,2017.5,906.1,1071.0
spiegelstrasse_2025-02-13_13,1251.1,695.1,590.6
spiegelstrasse_2025-02-13_14,852.9,478.7,425.7
kaiserstrasse_2025-02-13_14,1633.3,756.1,862.2
schoenbornstrasse_2025-02-13_14,1533.7,672.6,830.9
kaiserstrasse_2025-02-13_15,1689.9,780.0,897.3
spiegelstrasse_2025-02-13_15,866.9,485.6,438.3
schoenbornstrasse_2025-02-13_15,1580.9,699.4,846.2
kaiserstrasse_2025-02-13_16,1779.4,808.0,973.3
spiegelstrasse_2025-02-13_16,878.3,500.8,443.5
schoenbornstrasse_2025-02-13_16,1558.9,690.6,837.9
kaiserstrasse_2025-02-13_17,1833.4,857.1,969.6
schoenbornstrasse_2025-02-13_17,1938.0,891.6,1032.6
spiegelstrasse_2025-02-13_17,1050.2,591.8,518.4
spiegelstrasse_2025-02-13_18,621.8,306.9,312.6
kaiserstrasse_2025-02-13_18,1386.7,650.0,692.1
schoenbornstrasse_2025-02-13_18,1051.8,433.7,552.5
spiegelstrasse_2025-02-13_19,414.6,226.3,209.7
schoenbornstrasse_2025-02-13_19,764.9,395.0,411.5
kaiserstrasse_2025-02-13_19,841.0,413.8,474.1
kaiserstrasse_2025-02-13_20,390.1,179.1,209.7
schoenbornstrasse_2025-02-13_20,327.9,173.8,165.3
spiegelstrasse_2025-02-13_20,284.2,157.9,134.0
schoenbornstrasse_2025-02-13_21,218.6,114.1,110.5
kaiserstrasse_2025-02-13_21,263.8,115.1,151.9
spiegelstrasse_2025-02-13_21,183.5,101.9,83.6
spiegelstrasse_2025-02-13_22,110.7,55.9,51.1
schoenbornstrasse_2025-02-13_22,149.1,69.5,76.7
kaiserstrasse_2025-02-13_22,170.0,69.2,107.9
kaiserstrasse_2025-02-13_23,87.7,39.0,57.4
spiegelstrasse_2025-02-13_23,55.8,31.0,27.1
schoenbornstrasse_2025-02-13_23,83.8,39.5,47.9
kaiserstrasse_2025-02-14_0,57.6,22.7,33.3
spiegelstrasse_2025-02-14_0,32.8,17.5,18.0
schoenbornstrasse_2025-02-14_0,48.8,22.8,27.0
spiegelstrasse_2025-02-14_1,12.5,7.3,6.6
schoenbornstrasse_2025-02-14_1,25.1,14.5,14.0
kaiserstrasse_2025-02-14_1,29.7,14.4,16.2
kaiserstrasse_2025-02-14_2,23.8,10.7,14.9
schoenbornstrasse_2025-02-14_2,17.7,10.1,11.0
spiegelstrasse_2025-02-14_2,7.7,5.2,4.3
schoenbornstrasse_2025-02-14_3,17.5,9.4,11.0
kaiserstrasse_2025-02-14_3,23.5,10.1,14.9
spiegelstrasse_2025-02-14_3,7.5,5.4,4.3
kaiserstrasse_2025-02-14_4,22.3,9.7,15.0
spiegelstrasse_2025-02-14_4,9.1,8.5,3.0
schoenbornstrasse_2025-02-14_4,16.1,8.7,11.0
kaiserstrasse_2025-02-14_5,43.6,17.3,30.0
spiegelstrasse_2025-02-14_5,33.5,23.6,9.3
schoenbornstrasse_2025-02-14_5,29.8,15.0,16.5
schoenbornstrasse_2025-02-14_6,85.1,49.2,39.1
spiegelstrasse_2025-02-14_6,141.5,89.6,37.7
kaiserstrasse_2025-02-14_6,161.9,81.0,80.7
schoenbornstrasse_2025-02-14_7,246.2,156.6,95.8
spiegelstrasse_2025-02-14_7,383.2,226.5,147.0
kaiserstrasse_2025-02-14_7,568.5,371.1,192.1
schoenbornstrasse_2025-02-14_8,381.4,178.8,206.0
spiegelstrasse_2025-02-14_8,418.4,267.7,179.4
kaiserstrasse_2025-02-14_8,566.8,338.5,252.0
spiegelstrasse_2025-02-14_9,500.0,287.8,216.3
kaiserstrasse_2025-02-14_9,621.7,313.9,315.3
schoenbornstrasse_2025-02-14_9,643.9,291.8,362.1
spiegelstrasse_2025-02-14_10,753.4,475.0,294.5
schoenbornstrasse_2025-02-14_10,1178.8,550.0,648.2
kaiserstrasse_2025-02-14_10,1127.0,615.7,556.5
schoenbornstrasse_2025-02-14_11,1720.8,842.4,885.3
spiegelstrasse_2025-02-14_11,955.6,598.5,405.9
kaiserstrasse_2025-02-14_11,1471.7,775.4,664.9
spiegelstrasse_2025-02-14_12,1231.7,680.8,555.5
schoenbornstrasse_2025-02-14_12,2111.1,977.6,1077.4
kaiserstrasse_2025-02-14_12,1901.2,911.4,913.0
spiegelstrasse_2025-02-14_13,1137.5,620.1,570.4
schoenbornstrasse_2025-02-14_13,2017.6,842.8,1084.0
kaiserstrasse_2025-02-14_13,1883.3,878.8,978.2
kaiserstrasse_2025-02-14_14,1924.7,888.3,972.1
spiegelstrasse_2025-02-14_14,1132.5,598.8,548.7
schoenbornstrasse_2025-02-14_14,2193.5,959.6,1200.3
kaiserstrasse_2025-02-14_15,1956.2,908.1,1000.3
spiegelstrasse_2025-02-14_15,1121.1,596.7,559.0
schoenbornstrasse_2025-02-14_15,2279.2,1003.0,1239.9
kaiserstrasse_2025-02-14_16,2035.2,930.7,1061.2
schoenbornstrasse_2025-02-14_16,2283.3,1013.2,1262.5
spiegelstrasse_2025-02-14_16,1121.0,597.0,556.4
kaiserstrasse_2025-02-14_17,1979.0,953.2,1005.6
spiegelstrasse_2025-02-14_17,1090.7,594.1,551.5
schoenbornstrasse_2025-02-14_17,2206.5,997.7,1204.4
schoenbornstrasse_2025-02-14_18,1548.3,645.3,785.7
spiegelstrasse_2025-02-14_18,790.6,398.5,376.9
kaiserstrasse_2025-02-14_18,1759.3,848.3,813.6
schoenbornstrasse_2025-02-14_19,1009.8,474.2,470.5
kaiserstrasse_2025-02-14_19,1222.3,567.5,619.6
spiegelstrasse_2025-02-14_19,561.7,274.4,250.9
kaiserstrasse_2025-02-14_20,543.6,246.1,291.6
schoenbornstrasse_2025-02-14_20,484.7,246.6,241.8
spiegelstrasse_2025-02-14_20,389.2,195.3,186.6
spiegelstrasse_2025-02-14_21,291.0,146.7,126.1
kaiserstrasse_2025-02-14_21,400.7,172.0,234.2
schoenbornstrasse_2025-02-14_21,352.6,172.6,178.5
spiegelstrasse_2025-02-14_22,214.7,115.1,96.9
kaiserstrasse_2025-02-14_22,333.1,138.9,191.8
schoenbornstrasse_2025-02-14_22,298.6,140.9,145.0
schoenbornstrasse_2025-02-14_23,203.2,97.7,110.0
spiegelstrasse_2025-02-14_23,146.3,82.4,69.5
kaiserstrasse_2025-02-14_23,212.4,96.7,132.6
schoenbornstrasse_2025-02-15_0,133.5,54.6,73.9
spiegelstrasse_2025-02-15_0,74.1,39.3,41.0
kaiserstrasse_2025-02-15_0,147.5,53.6,100.1
schoenbornstrasse_2025-02-15_1,77.2,36.3,43.3
kaiserstrasse_2025-02-15_1,81.1,36.1,47.3
spiegelstrasse_2025-02-15_1,40.1,15.3,27.1
schoenbornstrasse_2025-02-15_2,46.6,20.3,27.3
kaiserstrasse_2025-02-15_2,53.8,20.9,35.5
spiegelstrasse_2025-02-15_2,19.4,9.6,13.0
schoenbornstrasse_2025-02-15_3,36.7,15.2,23.1
kaiserstrasse_2025-02-15_3,45.3,15.9,33.0
spiegelstrasse_2025-02-15_3,14.6,8.7,10.9
schoenbornstrasse_2025-02-15_4,34.2,12.7,23.0
kaiserstrasse_2025-02-15_4,43.2,13.7,34.5
spiegelstrasse_2025-02-15_4,14.4,7.0,10.5
kaiserstrasse_2025-02-15_5,44.2,14.3,34.7
spiegelstrasse_2025-02-15_5,17.3,12.5,10.4
schoenbornstrasse_2025-02-15_5,32.3,12.5,22.1
schoenbornstrasse_2025-02-15_6,40.6,17.7,19.3
spiegelstrasse_2025-02-15_6,50.1,31.0,14.0
kaiserstrasse_2025-02-15_6,72.0,29.4,41.1
spiegelstrasse_2025-02-15_7,87.4,75.3,24.9
kaiserstrasse_2025-02-15_7,138.2,71.5,69.9
schoenbornstrasse_2025-02-15_7,73.6,38.4,31.4
kaiserstrasse_2025-02-15_8,300.7,148.3,160.0
schoenbornstrasse_2025-02-15_8,219.0,93.1,118.1
spiegelstrasse_2025-02-15_8,220.2,132.1,91.9
spiegelstrasse_2025-02-15_9,390.7,220.2,129.8
schoenbornstrasse_2025-02-15_9,535.8,223.8,298.8
kaiserstrasse_2025-02-15_9,509.8,231.1,242.5
schoenbornstrasse_2025-02-15_10,1335.0,590.5,727.5
spiegelstrasse_2025-02-15_10,746.3,474.0,270.0
kaiserstrasse_2025-02-15_10,1103.0,605.5,495.8
schoenbornstrasse_2025-02-15_11,2332.4,1140.5,1139.5
spiegelstrasse_2025-02-15_11,1114.0,672.5,419.2
kaiserstrasse_2025-02-15_11,1626.3,915.6,664.6
schoenbornstrasse_2025-02-15_12,3356.4,1587.4,1598.9
spiegelstrasse_2025-02-15_12,1359.5,758.6,591.3
kaiserstrasse_2025-02-15_12,2080.7,1132.2,963.0
spiegelstrasse_2025-02-15_13,1428.3,793.9,671.2
kaiserstrasse_2025-02-15_13,2389.9,1182.5,1145.0
schoenbornstrasse_2025-02-15_13,3740.0,1696.6,1855.0
kaiserstrasse_2025-02-15_14,2654.9,1317.4,1298.7
schoenbornstrasse_2025-02-15_14,4141.7,1930.8,1994.2
spiegelstrasse_2025-02-15_14,1556.2,873.6,703.6
kaiserstrasse_2025-02-15_15,2704.5,1307.8,1364.5
schoenbornstrasse_2025-02-15_15,4296.6,1953.8,2122.5
spiegelstrasse_2025-02-15_15,1558.9,831.2,725.9
kaiserstrasse_2025-02-15_16,2703.4,1295.2,1410.6
schoenbornstrasse_2025-02-15_16,4224.9,1933.3,2114.7
spiegelstrasse_2025-02-15_16,1446.9,764.7,683.9
spiegelstrasse_2025-02-15_17,1153.6,555.9,600.4
kaiserstrasse_2025-02-15_17,2474.4,1136.0,1317.7
schoenbornstrasse_2025-02-15_17,3576.6,1609.8,1872.9
spiegelstrasse_2025-02-15_18,813.2,375.6,439.5
kaiserstrasse_2025-02-15_18,2046.6,928.6,1120.4
schoenbornstrasse_2025-02-15_18,2553.0,1103.7,1330.9
spiegelstrasse_2025-02-15_19,543.1,277.6,320.1
schoenbornstrasse_2025-02-15_19,1369.5,691.6,737.7
kaiserstrasse_2025-02-15_19,1364.0,636.4,780.1
schoenbornstrasse_2025-02-15_20,565.4,298.7,283.5
spiegelstrasse_2025-02-15_20,423.6,225.6,215.7
kaiserstrasse_2025-02-15_20,625.3,292.9,340.2
schoenbornstrasse_2025-02-15_21,402.2,205.1,206.2
spiegelstrasse_2025-02-15_21,282.1,165.9,137.0
kaiserstrasse_2025-02-15_21,456.1,199.5,276.6
spiegelstrasse_2025-02-15_22,203.5,113.2,100.8
schoenbornstrasse_2025-02-15_22,336.2,155.0,168.7
kaiserstrasse_2025-02-15_22,369.6,150.4,234.4
kaiserstrasse_2025-02-15_23,228.3,97.7,149.8
spiegelstrasse_2025-02-15_23,123.1,73.7,58.5
schoenbornstrasse_2025-02-15_23,214.1,101.2,115.2
kaiserstrasse_2025-02-16_0,171.7,59.9,115.6
schoenbornstrasse_2025-02-16_0,146.7,60.3,75.9
spiegelstrasse_2025-02-16_0,80.1,43.0,40.6
kaiserstrasse_2025-02-16_1,104.2,44.6,54.6
schoenbornstrasse_2025-02-16_1,92.4,43.6,45.3
spiegelstrasse_2025-02-16_1,45.4,17.3,27.3
schoenbornstrasse_2025-02-16_2,57.2,26.4,28.8
kaiserstrasse_2025-02-16_2,68.7,27.0,40.7
spiegelstrasse_2025-02-16_2,23.2,9.6,13.3
spiegelstrasse_2025-02-16_3,17.4,8.7,10.9
kaiserstrasse_2025-02-16_3,59.6,20.7,37.1
schoenbornstrasse_2025-02-16_3,46.2,19.9,23.6
spiegelstrasse_2025-02-16_4,15.1,6.6,9.7
kaiserstrasse_2025-02-16_4,55.0,17.3,36.2
schoenbornstrasse_2025-02-16_4,41.0,16.0,22.7
spiegelstrasse_2025-02-16_5,19.0,8.7,10.8
kaiserstrasse_2025-02-16_5,53.1,16.8,37.1
schoenbornstrasse_2025-02-16_5,38.2,15.1,22.9
spiegelstrasse_2025-02-16_6,35.9,18.6,7.1
schoenbornstrasse_2025-02-16_6,25.9,11.8,11.3
kaiserstrasse_2025-02-16_6,53.5,23.3,32.3
kaiserstrasse_2025-02-16_7,72.6,15.5,34.1
schoenbornstrasse_2025-02-16_7,25.1,2.4,11.4
spiegelstrasse_2025-02-16_7,34.9,19.6,8.6
spiegelstrasse_2025-02-16_8,63.7,43.0,19.7
kaiserstrasse_2025-02-16_8,105.4,35.4,52.1
schoenbornstrasse_2025-02-16_8,62.2,25.7,37.5
schoenbornstrasse_2025-02-16_9,133.4,59.2,87.2
spiegelstrasse_2025-02-16_9,105.5,70.3,43.7
kaiserstrasse_2025-02-16_9,127.6,66.4,74.3
spiegelstrasse_2025-02-16_10,162.0,99.1,64.8
schoenbornstrasse_2025-02-16_10,160.4,86.6,70.9
kaiserstrasse_2025-02-16_10,216.9,108.0,115.6
kaiserstrasse_2025-02-16_11,375.8,195.7,184.4
schoenbornstrasse_2025-02-16_11,377.8,215.0,184.5
spiegelstrasse_2025-02-16_11,298.8,179.9,138.4
spiegelstrasse_2025-02-16_12,392.6,224.7,193.1
schoenbornstrasse_2025-02-16_12,501.1,236.9,260.8
kaiserstrasse_2025-02-16_12,436.7,222.1,232.8
spiegelstrasse_2025-02-16_13,474.5,264.7,244.0
schoenbornstrasse_2025-02-16_13,620.3,283.9,337.8
kaiserstrasse_2025-02-16_13,522.1,255.8,298.1
spiegelstrasse_2025-02-16_14,563.8,295.9,265.0
kaiserstrasse_2025-02-16_14,624.3,294.4,324.4
schoenbornstrasse_2025-02-16_14,750.6,341.8,375.6
schoenbornstrasse_2025-02-16_15,758.1,356.3,403.3
spiegelstrasse_2025-02-16_15,551.9,301.6,276.4
kaiserstrasse_2025-02-16_15,611.0,300.3,349.6
spiegelstrasse_2025-02-16_16,548.3,294.4,268.5
schoenbornstrasse_2025-02-16_16,751.7,347.9,406.6
kaiserstrasse_2025-02-16_16,624.2,297.6,372.5
kaiserstrasse_2025-02-16_17,609.7,285.9,345.5
spiegelstrasse_2025-02-16_17,542.2,261.9,265.1
schoenbornstrasse_2025-02-16_17,671.5,287.9,373.3
spiegelstrasse_2025-02-16_18,335.9,167.5,159.7
kaiserstrasse_2025-02-16_18,504.4,229.4,281.4
schoenbornstrasse_2025-02-16_18,383.7,157.3,220.4
kaiserstrasse_2025-02-16_19,413.5,199.1,241.9
schoenbornstrasse_2025-02-16_19,277.7,130.9,154.8
spiegelstrasse_2025-02-16_19,205.9,110.8,103.0
schoenbornstrasse_2025-02-16_20,235.5,130.4,108.6
spiegelstrasse_2025-02-16_20,197.0,113.7,83.6
kaiserstrasse_2025-02-16_20,296.5,153.5,141.6
schoenbornstrasse_2025-02-16_21,154.3,91.1,69.4
spiegelstrasse_2025-02-16_21,121.8,79.5,48.8
kaiserstrasse_2025-02-16_21,213.0,106.5,99.8
spiegelstrasse_2025-02-16_22,72.9,49.0,29.0
kaiserstrasse_2025-02-16_22,167.4,83.3,80.4
schoenbornstrasse_2025-02-16_22,123.8,62.9,56.1
schoenbornstrasse_2025-02-16_23,76.1,39.7,39.6
kaiserstrasse_2025-02-16_23,94.1,47.2,49.9
spiegelstrasse_2025-02-16_23,36.0,28.1,15.8
